{"parent":"minecraft:item/generated","textures":{"layer0":"minecraft:item/flower_pot"},"overrides":[{"predicate":{"custom_model_data":1},"model":"mineclub/blocks/001"},{"predicate":{"custom_model_data":2},"model":"mineclub/blocks/002"},{"predicate":{"custom_model_data":3},"model":"mineclub/blocks/003"},{"predicate":{"custom_model_data":4},"model":"mineclub/blocks/004"},{"predicate":{"custom_model_data":5},"model":"mineclub/blocks/005"},{"predicate":{"custom_model_data":6},"model":"mineclub/blocks/006"},{"predicate":{"custom_model_data":7},"model":"mineclub/blocks/007"},{"predicate":{"custom_model_data":8},"model":"mineclub/blocks/008"},{"predicate":{"custom_model_data":9},"model":"mineclub/blocks/009"},{"predicate":{"custom_model_data":10},"model":"mineclub/blocks/010"},{"predicate":{"custom_model_data":11},"model":"mineclub/blocks/011"},{"predicate":{"custom_model_data":12},"model":"mineclub/blocks/012"},{"predicate":{"custom_model_data":13},"model":"mineclub/blocks/013"},{"predicate":{"custom_model_data":14},"model":"mineclub/blocks/014"},{"predicate":{"custom_model_data":15},"model":"mineclub/blocks/015"},{"predicate":{"custom_model_data":16},"model":"mineclub/blocks/016"},{"predicate":{"custom_model_data":17},"model":"mineclub/blocks/017"},{"predicate":{"custom_model_data":18},"model":"mineclub/blocks/018"},{"predicate":{"custom_model_data":19},"model":"mineclub/blocks/019"},{"predicate":{"custom_model_data":20},"model":"mineclub/blocks/020"},{"predicate":{"custom_model_data":21},"model":"mineclub/blocks/021"},{"predicate":{"custom_model_data":22},"model":"mineclub/blocks/022"},{"predicate":{"custom_model_data":23},"model":"mineclub/blocks/023"},{"predicate":{"custom_model_data":24},"model":"mineclub/blocks/024"},{"predicate":{"custom_model_data":25},"model":"mineclub/blocks/025"},{"predicate":{"custom_model_data":26},"model":"mineclub/blocks/026"},{"predicate":{"custom_model_data":27},"model":"mineclub/blocks/027"},{"predicate":{"custom_model_data":28},"model":"mineclub/blocks/028"},{"predicate":{"custom_model_data":29},"model":"mineclub/blocks/029"},{"predicate":{"custom_model_data":30},"model":"mineclub/blocks/030"},{"predicate":{"custom_model_data":37},"model":"mineclub/blocks/037"},{"predicate":{"custom_model_data":38},"model":"mineclub/blocks/038"},{"predicate":{"custom_model_data":39},"model":"mineclub/blocks/039"},{"predicate":{"custom_model_data":40},"model":"mineclub/blocks/040"},{"predicate":{"custom_model_data":41},"model":"mineclub/blocks/041"},{"predicate":{"custom_model_data":42},"model":"mineclub/blocks/042"},{"predicate":{"custom_model_data":43},"model":"mineclub/blocks/043"},{"predicate":{"custom_model_data":44},"model":"mineclub/blocks/044"},{"predicate":{"custom_model_data":45},"model":"mineclub/blocks/045"},{"predicate":{"custom_model_data":46},"model":"mineclub/blocks/046"},{"predicate":{"custom_model_data":47},"model":"mineclub/blocks/047"},{"predicate":{"custom_model_data":48},"model":"mineclub/blocks/048"},{"predicate":{"custom_model_data":49},"model":"mineclub/blocks/049"},{"predicate":{"custom_model_data":50},"model":"mineclub/blocks/050"},{"predicate":{"custom_model_data":51},"model":"mineclub/blocks/051"},{"predicate":{"custom_model_data":52},"model":"mineclub/blocks/052"},{"predicate":{"custom_model_data":55},"model":"mineclub/blocks/055"},{"predicate":{"custom_model_data":56},"model":"mineclub/blocks/056"},{"predicate":{"custom_model_data":57},"model":"mineclub/blocks/057"},{"predicate":{"custom_model_data":58},"model":"mineclub/blocks/058"},{"predicate":{"custom_model_data":59},"model":"mineclub/blocks/059"},{"predicate":{"custom_model_data":60},"model":"mineclub/blocks/060"},{"predicate":{"custom_model_data":61},"model":"mineclub/blocks/061"},{"predicate":{"custom_model_data":62},"model":"mineclub/blocks/062"},{"predicate":{"custom_model_data":63},"model":"mineclub/blocks/063"},{"predicate":{"custom_model_data":64},"model":"mineclub/blocks/064"},{"predicate":{"custom_model_data":67},"model":"mineclub/blocks/067"},{"predicate":{"custom_model_data":69},"model":"mineclub/blocks/069"},{"predicate":{"custom_model_data":70},"model":"mineclub/blocks/070"},{"predicate":{"custom_model_data":73},"model":"mineclub/blocks/073"},{"predicate":{"custom_model_data":75},"model":"mineclub/blocks/075"},{"predicate":{"custom_model_data":76},"model":"mineclub/blocks/076"},{"predicate":{"custom_model_data":77},"model":"mineclub/blocks/077"},{"predicate":{"custom_model_data":78},"model":"mineclub/blocks/078"},{"predicate":{"custom_model_data":79},"model":"mineclub/blocks/079"},{"predicate":{"custom_model_data":80},"model":"mineclub/blocks/080"},{"predicate":{"custom_model_data":81},"model":"mineclub/blocks/081"},{"predicate":{"custom_model_data":83},"model":"mineclub/blocks/083"},{"predicate":{"custom_model_data":85},"model":"mineclub/blocks/085"},{"predicate":{"custom_model_data":87},"model":"mineclub/blocks/087"},{"predicate":{"custom_model_data":88},"model":"mineclub/blocks/088"},{"predicate":{"custom_model_data":91},"model":"mineclub/blocks/091"},{"predicate":{"custom_model_data":92},"model":"mineclub/blocks/092"},{"predicate":{"custom_model_data":93},"model":"mineclub/blocks/093"},{"predicate":{"custom_model_data":94},"model":"mineclub/blocks/094"},{"predicate":{"custom_model_data":96},"model":"mineclub/blocks/096"},{"predicate":{"custom_model_data":97},"model":"mineclub/blocks/097"},{"predicate":{"custom_model_data":98},"model":"mineclub/blocks/098"},{"predicate":{"custom_model_data":99},"model":"mineclub/blocks/099"},{"predicate":{"custom_model_data":100},"model":"mineclub/blocks/100"},{"predicate":{"custom_model_data":101},"model":"mineclub/blocks/101"},{"predicate":{"custom_model_data":102},"model":"mineclub/blocks/102"},{"predicate":{"custom_model_data":104},"model":"mineclub/blocks/104"},{"predicate":{"custom_model_data":105},"model":"mineclub/blocks/105"},{"predicate":{"custom_model_data":107},"model":"mineclub/blocks/107"},{"predicate":{"custom_model_data":108},"model":"mineclub/blocks/108"},{"predicate":{"custom_model_data":121},"model":"mineclub/blocks/121"},{"predicate":{"custom_model_data":124},"model":"mineclub/blocks/124"},{"predicate":{"custom_model_data":125},"model":"mineclub/blocks/125"},{"predicate":{"custom_model_data":127},"model":"mineclub/blocks/127"},{"predicate":{"custom_model_data":128},"model":"mineclub/blocks/128"},{"predicate":{"custom_model_data":130},"model":"mineclub/blocks/130"},{"predicate":{"custom_model_data":131},"model":"mineclub/blocks/131"},{"predicate":{"custom_model_data":132},"model":"mineclub/blocks/132"},{"predicate":{"custom_model_data":134},"model":"mineclub/blocks/134"},{"predicate":{"custom_model_data":136},"model":"mineclub/blocks/136"},{"predicate":{"custom_model_data":138},"model":"mineclub/blocks/138"},{"predicate":{"custom_model_data":139},"model":"mineclub/blocks/139"},{"predicate":{"custom_model_data":140},"model":"mineclub/blocks/140"},{"predicate":{"custom_model_data":141},"model":"mineclub/blocks/141"},{"predicate":{"custom_model_data":146},"model":"mineclub/blocks/146"},{"predicate":{"custom_model_data":147},"model":"mineclub/blocks/147"},{"predicate":{"custom_model_data":149},"model":"mineclub/blocks/149"},{"predicate":{"custom_model_data":151},"model":"mineclub/blocks/151"},{"predicate":{"custom_model_data":155},"model":"mineclub/blocks/155"},{"predicate":{"custom_model_data":161},"model":"mineclub/blocks/161"},{"predicate":{"custom_model_data":168},"model":"mineclub/blocks/168"},{"predicate":{"custom_model_data":172},"model":"mineclub/blocks/172"},{"predicate":{"custom_model_data":173},"model":"mineclub/blocks/173"},{"predicate":{"custom_model_data":174},"model":"mineclub/blocks/174"},{"predicate":{"custom_model_data":175},"model":"mineclub/blocks/175"},{"predicate":{"custom_model_data":177},"model":"mineclub/blocks/177"},{"predicate":{"custom_model_data":179},"model":"mineclub/blocks/179"},{"predicate":{"custom_model_data":180},"model":"mineclub/blocks/180"},{"predicate":{"custom_model_data":181},"model":"mineclub/blocks/181"},{"predicate":{"custom_model_data":182},"model":"mineclub/blocks/182"},{"predicate":{"custom_model_data":183},"model":"mineclub/blocks/183"},{"predicate":{"custom_model_data":187},"model":"mineclub/blocks/187"},{"predicate":{"custom_model_data":189},"model":"mineclub/blocks/189"},{"predicate":{"custom_model_data":194},"model":"mineclub/blocks/194"},{"predicate":{"custom_model_data":195},"model":"mineclub/blocks/195"},{"predicate":{"custom_model_data":198},"model":"mineclub/blocks/198"},{"predicate":{"custom_model_data":199},"model":"mineclub/blocks/199"},{"predicate":{"custom_model_data":201},"model":"mineclub/blocks/201"},{"predicate":{"custom_model_data":202},"model":"mineclub/blocks/202"},{"predicate":{"custom_model_data":203},"model":"mineclub/blocks/203"},{"predicate":{"custom_model_data":204},"model":"mineclub/blocks/204"},{"predicate":{"custom_model_data":205},"model":"mineclub/blocks/205"},{"predicate":{"custom_model_data":220},"model":"mineclub/blocks/220"},{"predicate":{"custom_model_data":222},"model":"mineclub/blocks/222"},{"predicate":{"custom_model_data":225},"model":"mineclub/blocks/225"},{"predicate":{"custom_model_data":276},"model":"mineclub/blocks/276"},{"predicate":{"custom_model_data":279},"model":"mineclub/blocks/279"},{"predicate":{"custom_model_data":281},"model":"mineclub/blocks/281"},{"predicate":{"custom_model_data":284},"model":"mineclub/blocks/284"},{"predicate":{"custom_model_data":287},"model":"mineclub/blocks/287"},{"predicate":{"custom_model_data":308},"model":"mineclub/blocks/308"},{"predicate":{"custom_model_data":320},"model":"mineclub/blocks/320"},{"predicate":{"custom_model_data":322},"model":"mineclub/blocks/322"},{"predicate":{"custom_model_data":328},"model":"mineclub/blocks/328"},{"predicate":{"custom_model_data":329},"model":"mineclub/blocks/329"},{"predicate":{"custom_model_data":379},"model":"mineclub/blocks/379"},{"predicate":{"custom_model_data":402},"model":"mineclub/blocks/402"},{"predicate":{"custom_model_data":403},"model":"mineclub/blocks/403"},{"predicate":{"custom_model_data":404},"model":"mineclub/blocks/404"},{"predicate":{"custom_model_data":405},"model":"mineclub/blocks/405"},{"predicate":{"custom_model_data":407},"model":"mineclub/blocks/407"},{"predicate":{"custom_model_data":439},"model":"mineclub/blocks/439"},{"predicate":{"custom_model_data":440},"model":"mineclub/blocks/440"},{"predicate":{"custom_model_data":441},"model":"mineclub/blocks/441"},{"predicate":{"custom_model_data":647},"model":"mineclub/blocks/647"},{"predicate":{"custom_model_data":648},"model":"mineclub/blocks/648"},{"predicate":{"custom_model_data":649},"model":"mineclub/blocks/649"},{"predicate":{"custom_model_data":650},"model":"mineclub/blocks/650"},{"predicate":{"custom_model_data":651},"model":"mineclub/blocks/651"},{"predicate":{"custom_model_data":652},"model":"mineclub/blocks/652"},{"predicate":{"custom_model_data":653},"model":"mineclub/blocks/653"},{"predicate":{"custom_model_data":654},"model":"mineclub/blocks/654"},{"predicate":{"custom_model_data":655},"model":"mineclub/blocks/655"},{"predicate":{"custom_model_data":656},"model":"mineclub/blocks/656"},{"predicate":{"custom_model_data":657},"model":"mineclub/blocks/657"},{"predicate":{"custom_model_data":658},"model":"mineclub/blocks/658"},{"predicate":{"custom_model_data":659},"model":"mineclub/blocks/659"},{"predicate":{"custom_model_data":660},"model":"mineclub/blocks/660"}]}