{"parent":"builtin/generated","textures":{"layer0":"item/gold_nugget"},"overrides":[{"predicate":{"custom_model_data":1},"model":"mineclub/icons/2d10"},{"predicate":{"custom_model_data":2},"model":"mineclub/icons/2d10"},{"predicate":{"custom_model_data":3},"model":"mineclub/icons/2d10"},{"predicate":{"custom_model_data":4},"model":"mineclub/icons/2d10"},{"predicate":{"custom_model_data":5},"model":"mineclub/icons/2d10"},{"predicate":{"custom_model_data":6},"model":"mineclub/icons/gem_100g"},{"predicate":{"custom_model_data":7},"model":"mineclub/icons/gem_1kg"},{"predicate":{"custom_model_data":8},"model":"mineclub/icons/gem_10kg"},{"predicate":{"custom_model_data":9},"model":"mineclub/icons/gem_100kg"},{"predicate":{"custom_model_data":10},"model":"mineclub/icons/gem_1milg"},{"predicate":{"custom_model_data":11},"model":"mineclub/icons/staff_token_1"},{"predicate":{"custom_model_data":12},"model":"mineclub/icons/gem_100"},{"predicate":{"custom_model_data":13},"model":"mineclub/icons/gem_1k"},{"predicate":{"custom_model_data":14},"model":"mineclub/icons/gem_10k"},{"predicate":{"custom_model_data":15},"model":"mineclub/icons/gem_100k"},{"predicate":{"custom_model_data":16},"model":"mineclub/icons/gem_1mil"},{"predicate":{"custom_model_data":17},"model":"mineclub/icons/empty"},{"predicate":{"custom_model_data":18},"model":"mineclub/icons/empty"},{"predicate":{"custom_model_data":19},"model":"mineclub/icons/fall_token"},{"predicate":{"custom_model_data":20},"model":"mineclub/icons/halloween_token"},{"predicate":{"custom_model_data":10000},"model":"mineclub/icons/2d10000"},{"predicate":{"custom_model_data":10001},"model":"mineclub/icons/2d1000"},{"predicate":{"custom_model_data":10002},"model":"mineclub/icons/2d100"},{"predicate":{"custom_model_data":10003},"model":"mineclub/icons/2d10"}]}