{"parent":"builtin/generated","textures":{"layer0":"item/paper"},"overrides":[{"predicate":{"custom_model_data":1},"model":"mineclub/hats/santa_hat"},{"predicate":{"custom_model_data":2},"model":"mineclub/hats/winged"},{"predicate":{"custom_model_data":3},"model":"mineclub/hats/steam_goggles"},{"predicate":{"custom_model_data":4},"model":"mineclub/hats/straw_hat"},{"predicate":{"custom_model_data":5},"model":"mineclub/hats/top_hat"},{"predicate":{"custom_model_data":6},"model":"mineclub/hats/ushanka"},{"predicate":{"custom_model_data":7},"model":"mineclub/hats/viking_helmet"},{"predicate":{"custom_model_data":8},"model":"mineclub/hats/empty"},{"predicate":{"custom_model_data":9},"model":"mineclub/hats/police_hat"},{"predicate":{"custom_model_data":10},"model":"mineclub/hats/pirate_hat"},{"predicate":{"custom_model_data":11},"model":"mineclub/hats/hypno_goggles"},{"predicate":{"custom_model_data":12},"model":"mineclub/hats/native_headband"},{"predicate":{"custom_model_data":13},"model":"mineclub/hats/headphones"},{"predicate":{"custom_model_data":14},"model":"mineclub/hats/halo"},{"predicate":{"custom_model_data":15},"model":"mineclub/hats/fedora"},{"predicate":{"custom_model_data":16},"model":"mineclub/hats/empty"},{"predicate":{"custom_model_data":17},"model":"mineclub/hats/devil_horns"},{"predicate":{"custom_model_data":18},"model":"mineclub/hats/empty"},{"predicate":{"custom_model_data":19},"model":"mineclub/hats/cat_ears"},{"predicate":{"custom_model_data":20},"model":"mineclub/hats/bunny_ears"},{"predicate":{"custom_model_data":21},"model":"mineclub/hats/aviators"},{"predicate":{"custom_model_data":22},"model":"mineclub/hats/unicorn_hat"},{"predicate":{"custom_model_data":23},"model":"mineclub/hats/beta_blue"},{"predicate":{"custom_model_data":24},"model":"mineclub/hats/beta_light_green"},{"predicate":{"custom_model_data":25},"model":"mineclub/hats/beta_magenta"},{"predicate":{"custom_model_data":26},"model":"mineclub/hats/beta_rainbow"},{"predicate":{"custom_model_data":27},"model":"mineclub/hats/beta_red"},{"predicate":{"custom_model_data":28},"model":"mineclub/hats/beta_white"},{"predicate":{"custom_model_data":29},"model":"mineclub/hats/vr"},{"predicate":{"custom_model_data":30},"model":"mineclub/hats/vrred"},{"predicate":{"custom_model_data":31},"model":"mineclub/hats/vrgreen"},{"predicate":{"custom_model_data":32},"model":"mineclub/hats/vrorange"},{"predicate":{"custom_model_data":33},"model":"mineclub/hats/vrpurple"},{"predicate":{"custom_model_data":34},"model":"mineclub/hats/astro"},{"predicate":{"custom_model_data":35},"model":"mineclub/hats/bandana"},{"predicate":{"custom_model_data":36},"model":"mineclub/hats/cowboyhat"},{"predicate":{"custom_model_data":37},"model":"mineclub/hats/elf"},{"predicate":{"custom_model_data":38},"model":"mineclub/hats/fedora2"},{"predicate":{"custom_model_data":39},"model":"mineclub/furniture/pop_nixe"},{"predicate":{"custom_model_data":40},"model":"mineclub/furniture/pop_hylix"},{"predicate":{"custom_model_data":41},"model":"mineclub/furniture/pop_joey"},{"predicate":{"custom_model_data":42},"model":"mineclub/hats/sailor"},{"predicate":{"custom_model_data":43},"model":"mineclub/hats/scuba2"},{"predicate":{"custom_model_data":44},"model":"mineclub/hats/empty"},{"predicate":{"custom_model_data":45},"model":"mineclub/hats/seuss"},{"predicate":{"custom_model_data":46},"model":"mineclub/furnitue/empty"},{"predicate":{"custom_model_data":47},"model":"mineclub/hats/antlers"},{"predicate":{"custom_model_data":48},"model":"mineclub/hats/tiara"},{"predicate":{"custom_model_data":49},"model":"mineclub/hats/tomato_cap"},{"predicate":{"custom_model_data":50},"model":"mineclub/hats/sombrero"},{"predicate":{"custom_model_data":51},"model":"mineclub/hats/dinosaur_hat"},{"predicate":{"custom_model_data":52},"model":"mineclub/hats/crown"},{"predicate":{"custom_model_data":53},"model":"mineclub/hats/cactus_cap"},{"predicate":{"custom_model_data":54},"model":"mineclub/hats/gasmask"},{"predicate":{"custom_model_data":55},"model":"mineclub/hats/jellyfish"},{"predicate":{"custom_model_data":56},"model":"mineclub/hats/motorcycle"},{"predicate":{"custom_model_data":57},"model":"mineclub/hats/mushroom_cap"},{"predicate":{"custom_model_data":58},"model":"mineclub/hats/spideronh"},{"predicate":{"custom_model_data":59},"model":"mineclub/hats/empty"},{"predicate":{"custom_model_data":60},"model":"mineclub/hats/disguise"},{"predicate":{"custom_model_data":61},"model":"mineclub/hats/empty"},{"predicate":{"custom_model_data":62},"model":"mineclub/hats/miner_helmet"},{"predicate":{"custom_model_data":63},"model":"mineclub/hats/nightvision_goggles"},{"predicate":{"custom_model_data":64},"model":"mineclub/hats/paintball_mask"},{"predicate":{"custom_model_data":65},"model":"mineclub/hats/pilgrim_hat"},{"predicate":{"custom_model_data":66},"model":"mineclub/hats/television_head"},{"predicate":{"custom_model_data":67},"model":"mineclub/hats/turtle"},{"predicate":{"custom_model_data":68},"model":"mineclub/hats/valkyrie_helmet"},{"predicate":{"custom_model_data":69},"model":"mineclub/hats/hazmat_mask"},{"predicate":{"custom_model_data":70},"model":"mineclub/hats/tiki_mask"},{"predicate":{"custom_model_data":71},"model":"mineclub/hats/soda_hat"},{"predicate":{"custom_model_data":72},"model":"mineclub/hats/archer_hat"},{"predicate":{"custom_model_data":73},"model":"mineclub/hats/artist_beret"},{"predicate":{"custom_model_data":74},"model":"mineclub/hats/ash_hat"},{"predicate":{"custom_model_data":75},"model":"mineclub/hats/aviator_hat"},{"predicate":{"custom_model_data":76},"model":"mineclub/hats/bandana_mineclubv"},{"predicate":{"custom_model_data":77},"model":"mineclub/hats/bat_glasses"},{"predicate":{"custom_model_data":78},"model":"mineclub/hats/boater_hat"},{"predicate":{"custom_model_data":79},"model":"mineclub/hats/box_hat"},{"predicate":{"custom_model_data":80},"model":"mineclub/hats/bucket_hatv"},{"predicate":{"custom_model_data":81},"model":"mineclub/hats/cake_hat"},{"predicate":{"custom_model_data":82},"model":"mineclub/hats/earmuffs"},{"predicate":{"custom_model_data":83},"model":"mineclub/hats/firefighter_helmet"},{"predicate":{"custom_model_data":84},"model":"mineclub/hats/frog_bucket_hat"},{"predicate":{"custom_model_data":85},"model":"mineclub/hats/masquerade_mask"},{"predicate":{"custom_model_data":86},"model":"mineclub/hats/ninja_headband"},{"predicate":{"custom_model_data":87},"model":"mineclub/hats/rainbow_headband"},{"predicate":{"custom_model_data":88},"model":"mineclub/hats/samurai_helmet"},{"predicate":{"custom_model_data":89},"model":"mineclub/hats/science_goggles"},{"predicate":{"custom_model_data":90},"model":"mineclub/hats/skateboard_helmet"},{"predicate":{"custom_model_data":91},"model":"mineclub/games/minesweeper/mineunturn"},{"predicate":{"custom_model_data":92},"model":"mineclub/games/minesweeper/minemine"},{"predicate":{"custom_model_data":93},"model":"mineclub/games/minesweeper/mineempty1"},{"predicate":{"custom_model_data":94},"model":"mineclub/games/minesweeper/mineempty2"},{"predicate":{"custom_model_data":95},"model":"mineclub/games/minesweeper/mineempty3"},{"predicate":{"custom_model_data":96},"model":"mineclub/games/minesweeper/mineempty4"},{"predicate":{"custom_model_data":97},"model":"mineclub/games/minesweeper/mineempty5"},{"predicate":{"custom_model_data":98},"model":"mineclub/games/minesweeper/mineempty6"},{"predicate":{"custom_model_data":99},"model":"mineclub/games/minesweeper/mineempty7"},{"predicate":{"custom_model_data":100},"model":"mineclub/games/minesweeper/mineempty8"},{"predicate":{"custom_model_data":101},"model":"mineclub/games/minesweeper/mineempty9"},{"predicate":{"custom_model_data":102},"model":"mineclub/icons/truby"},{"predicate":{"custom_model_data":103},"model":"mineclub/icons/tgold"},{"predicate":{"custom_model_data":104},"model":"mineclub/icons/tamber"},{"predicate":{"custom_model_data":105},"model":"mineclub/icons/temerald"},{"predicate":{"custom_model_data":106},"model":"mineclub/icons/tsapphire"},{"predicate":{"custom_model_data":107},"model":"mineclub/icons/tlazul"},{"predicate":{"custom_model_data":108},"model":"mineclub/icons/tdiamond"},{"predicate":{"custom_model_data":109},"model":"mineclub/icons/tamethyst"},{"predicate":{"custom_model_data":110},"model":"mineclub/icons/tp"},{"predicate":{"custom_model_data":111},"model":"mineclub/icons/skull"},{"predicate":{"custom_model_data":112},"model":"mineclub/items/paintbucket"},{"predicate":{"custom_model_data":113},"model":"mineclub/icons/final_redleft"},{"predicate":{"custom_model_data":114},"model":"mineclub/icons/final_redright"},{"predicate":{"custom_model_data":115},"model":"mineclub/icons/final_greenleft"},{"predicate":{"custom_model_data":116},"model":"mineclub/icons/final_greenright"},{"predicate":{"custom_model_data":117},"model":"mineclub/items/crate_n"},{"predicate":{"custom_model_data":118},"model":"mineclub/items/crate_c"},{"predicate":{"custom_model_data":119},"model":"mineclub/items/crate_r"},{"predicate":{"custom_model_data":120},"model":"mineclub/items/crate_e"},{"predicate":{"custom_model_data":121},"model":"mineclub/items/crate_m"},{"predicate":{"custom_model_data":122},"model":"mineclub/items/empty"},{"predicate":{"custom_model_data":123},"model":"mineclub/icons/malhack"},{"predicate":{"custom_model_data":124},"model":"mineclub/icons/nonmalhack"},{"predicate":{"custom_model_data":125},"model":"mineclub/icons/banevasion"},{"predicate":{"custom_model_data":126},"model":"mineclub/icons/exceedchatpun"},{"predicate":{"custom_model_data":127},"model":"mineclub/icons/exploiting"},{"predicate":{"custom_model_data":128},"model":"mineclub/icons/compromised"},{"predicate":{"custom_model_data":129},"model":"mineclub/icons/2dsodahat"},{"predicate":{"custom_model_data":130},"model":"mineclub/games/minesweeper/sign1"},{"predicate":{"custom_model_data":131},"model":"mineclub/games/minesweeper/sign2"},{"predicate":{"custom_model_data":132},"model":"mineclub/games/minesweeper/sign3"},{"predicate":{"custom_model_data":133},"model":"mineclub/icons/2dalex"},{"predicate":{"custom_model_data":134},"model":"mineclub/icons/2dhylix"},{"predicate":{"custom_model_data":135},"model":"mineclub/icons/2djoey"},{"predicate":{"custom_model_data":136},"model":"mineclub/icons/earthback"},{"predicate":{"custom_model_data":137},"model":"mineclub/icons/partychat"},{"predicate":{"custom_model_data":138},"model":"mineclub/icons/empty"},{"predicate":{"custom_model_data":139},"model":"mineclub/icons/gem_ani"},{"predicate":{"custom_model_data":140},"model":"mineclub/ui/discord/discordani"},{"predicate":{"custom_model_data":141},"model":"mineclub/icons/o1"},{"predicate":{"custom_model_data":142},"model":"mineclub/icons/o2"},{"predicate":{"custom_model_data":143},"model":"mineclub/icons/o3"},{"predicate":{"custom_model_data":144},"model":"mineclub/icons/o4"},{"predicate":{"custom_model_data":145},"model":"mineclub/icons/x1"},{"predicate":{"custom_model_data":146},"model":"mineclub/icons/x2"},{"predicate":{"custom_model_data":147},"model":"mineclub/icons/x3"},{"predicate":{"custom_model_data":148},"model":"mineclub/icons/x4"},{"predicate":{"custom_model_data":149},"model":"mineclub/icons/connect4blank"},{"predicate":{"custom_model_data":150},"model":"mineclub/icons/connect4yellow"},{"predicate":{"custom_model_data":151},"model":"mineclub/icons/connect4red"},{"predicate":{"custom_model_data":152},"model":"mineclub/icons/b1"},{"predicate":{"custom_model_data":153},"model":"mineclub/icons/b2"},{"predicate":{"custom_model_data":154},"model":"mineclub/icons/b3"},{"predicate":{"custom_model_data":155},"model":"mineclub/icons/b4"},{"predicate":{"custom_model_data":156},"model":"mineclub/icons/clicker"},{"predicate":{"custom_model_data":157},"model":"mineclub/icons/connect4green"},{"predicate":{"custom_model_data":158},"model":"mineclub/icons/cap1"},{"predicate":{"custom_model_data":159},"model":"mineclub/icons/cap2"},{"predicate":{"custom_model_data":160},"model":"mineclub/icons/cap3"},{"predicate":{"custom_model_data":161},"model":"mineclub/icons/cap4"},{"predicate":{"custom_model_data":162},"model":"mineclub/icons/cap5"},{"predicate":{"custom_model_data":163},"model":"mineclub/icons/cap6"},{"predicate":{"custom_model_data":164},"model":"mineclub/icons/cap7"},{"predicate":{"custom_model_data":165},"model":"mineclub/icons/cap8"},{"predicate":{"custom_model_data":166},"model":"mineclub/icons/cap9"},{"predicate":{"custom_model_data":167},"model":"mineclub/icons/cap10"},{"predicate":{"custom_model_data":168},"model":"mineclub/icons/cap11"},{"predicate":{"custom_model_data":169},"model":"mineclub/icons/cap12"},{"predicate":{"custom_model_data":170},"model":"mineclub/icons/cap13"},{"predicate":{"custom_model_data":171},"model":"mineclub/icons/cap14"},{"predicate":{"custom_model_data":172},"model":"mineclub/icons/cap15"},{"predicate":{"custom_model_data":173},"model":"mineclub/icons/cap16"},{"predicate":{"custom_model_data":174},"model":"mineclub/icons/cap17"},{"predicate":{"custom_model_data":175},"model":"mineclub/icons/cap18"},{"predicate":{"custom_model_data":176},"model":"mineclub/icons/2dpith"},{"predicate":{"custom_model_data":177},"model":"mineclub/ui/discord/discordani2"},{"predicate":{"custom_model_data":178},"model":"mineclub/icons/2drasho"},{"predicate":{"custom_model_data":179},"model":"mineclub/ui/trade/header_off"},{"predicate":{"custom_model_data":180},"model":"mineclub/ui/trade/header_on"},{"predicate":{"custom_model_data":181},"model":"mineclub/ui/trade/empty"},{"predicate":{"custom_model_data":182},"model":"mineclub/ui/trade/empty"},{"predicate":{"custom_model_data":183},"model":"mineclub/icons/invisible"},{"predicate":{"custom_model_data":184},"model":"mineclub/icons/game_connect4"},{"predicate":{"custom_model_data":185},"model":"mineclub/icons/game_tictactoe"},{"predicate":{"custom_model_data":186},"model":"mineclub/icons/game_luckyshot"},{"predicate":{"custom_model_data":187},"model":"mineclub/ui/trade/trade_accept_off"},{"predicate":{"custom_model_data":188},"model":"mineclub/ui/trade/trade_accept_on"},{"predicate":{"custom_model_data":189},"model":"mineclub/ui/trade/trade_header"},{"predicate":{"custom_model_data":190},"model":"mineclub/ui/trade/accept_1"},{"predicate":{"custom_model_data":191},"model":"mineclub/ui/trade/accept_2"},{"predicate":{"custom_model_data":192},"model":"mineclub/ui/trade/accept_3"},{"predicate":{"custom_model_data":193},"model":"mineclub/ui/trade/wager_header"},{"predicate":{"custom_model_data":194},"model":"mineclub/items/premium_token"},{"predicate":{"custom_model_data":195},"model":"mineclub/items/mobile_back"},{"predicate":{"custom_model_data":196},"model":"mineclub/ui/housing"},{"predicate":{"custom_model_data":197},"model":"mineclub/icons/suicidal"},{"predicate":{"custom_model_data":198},"model":"mineclub/icons/empty"},{"predicate":{"custom_model_data":199},"model":"mineclub/icons/empty"},{"predicate":{"custom_model_data":200},"model":"mineclub/icons/empty"},{"predicate":{"custom_model_data":201},"model":"mineclub/images/empty"},{"predicate":{"custom_model_data":202},"model":"mineclub/images/afkreturn"},{"predicate":{"custom_model_data":203},"model":"mineclub/furniture/pop_rasho"},{"predicate":{"custom_model_data":204},"model":"mineclub/images/empty"},{"predicate":{"custom_model_data":205},"model":"mineclub/images/empty"},{"predicate":{"custom_model_data":206},"model":"mineclub/images/empty"},{"predicate":{"custom_model_data":207},"model":"mineclub/images/blocks_right_1"},{"predicate":{"custom_model_data":208},"model":"mineclub/images/blocks_left_1"},{"predicate":{"custom_model_data":209},"model":"mineclub/images/blocks_right_2"},{"predicate":{"custom_model_data":210},"model":"mineclub/images/blocks_left_2"},{"predicate":{"custom_model_data":211},"model":"mineclub/images/empty"},{"predicate":{"custom_model_data":212},"model":"mineclub/images/empty"},{"predicate":{"custom_model_data":213},"model":"mineclub/images/empty"},{"predicate":{"custom_model_data":214},"model":"mineclub/images/empty"},{"predicate":{"custom_model_data":215},"model":"mineclub/icons/top7"},{"predicate":{"custom_model_data":216},"model":"mineclub/icons/top6"},{"predicate":{"custom_model_data":217},"model":"mineclub/icons/top5"},{"predicate":{"custom_model_data":218},"model":"mineclub/icons/top4"},{"predicate":{"custom_model_data":219},"model":"mineclub/icons/top3"},{"predicate":{"custom_model_data":220},"model":"mineclub/icons/top2"},{"predicate":{"custom_model_data":221},"model":"mineclub/icons/top1"},{"predicate":{"custom_model_data":222},"model":"mineclub/images/skywall"},{"predicate":{"custom_model_data":223},"model":"mineclub/icons/top"},{"predicate":{"custom_model_data":224},"model":"mineclub/images/afklounge1"},{"predicate":{"custom_model_data":225},"model":"mineclub/images/afklounge2"},{"predicate":{"custom_model_data":226},"model":"mineclub/images/afklounge3"},{"predicate":{"custom_model_data":227},"model":"mineclub/images/afklounge4"},{"predicate":{"custom_model_data":228},"model":"mineclub/images/afklounge5"},{"predicate":{"custom_model_data":229},"model":"mineclub/icons/lead_rain"},{"predicate":{"custom_model_data":230},"model":"mineclub/icons/lead_mineclub"},{"predicate":{"custom_model_data":231},"model":"mineclub/icons/lead_gold"},{"predicate":{"custom_model_data":232},"model":"mineclub/images/empty"},{"predicate":{"custom_model_data":233},"model":"mineclub/icons/2dbighead"},{"predicate":{"custom_model_data":234},"model":"mineclub/icons/2dfloat"},{"predicate":{"custom_model_data":235},"model":"mineclub/games/match_five/choose"},{"predicate":{"custom_model_data":236},"model":"mineclub/games/match_five/creeper"},{"predicate":{"custom_model_data":237},"model":"mineclub/games/match_five/enderdragon"},{"predicate":{"custom_model_data":238},"model":"mineclub/games/match_five/enderman"},{"predicate":{"custom_model_data":239},"model":"mineclub/games/match_five/ghast"},{"predicate":{"custom_model_data":240},"model":"mineclub/games/match_five/iron_golem"},{"predicate":{"custom_model_data":241},"model":"mineclub/games/match_five/skeleton"},{"predicate":{"custom_model_data":242},"model":"mineclub/games/match_five/snowman"},{"predicate":{"custom_model_data":243},"model":"mineclub/games/match_five/wither"},{"predicate":{"custom_model_data":244},"model":"mineclub/images/ttt1"},{"predicate":{"custom_model_data":245},"model":"mineclub/images/ttt2"},{"predicate":{"custom_model_data":246},"model":"mineclub/images/ttt3"},{"predicate":{"custom_model_data":247},"model":"mineclub/images/m51"},{"predicate":{"custom_model_data":248},"model":"mineclub/images/m52"},{"predicate":{"custom_model_data":249},"model":"mineclub/images/m53"},{"predicate":{"custom_model_data":250},"model":"mineclub/images/c41"},{"predicate":{"custom_model_data":251},"model":"mineclub/images/c42"},{"predicate":{"custom_model_data":252},"model":"mineclub/images/c43"},{"predicate":{"custom_model_data":253},"model":"mineclub/images/c44"},{"predicate":{"custom_model_data":254},"model":"mineclub/icons/goldmedal"},{"predicate":{"custom_model_data":255},"model":"mineclub/icons/silvermedal"},{"predicate":{"custom_model_data":256},"model":"mineclub/images/empty"},{"predicate":{"custom_model_data":257},"model":"mineclub/images/empty"},{"predicate":{"custom_model_data":258},"model":"mineclub/images/empty"},{"predicate":{"custom_model_data":259},"model":"mineclub/icons/lead_silver"},{"predicate":{"custom_model_data":260},"model":"mineclub/icons/lead_bronze"},{"predicate":{"custom_model_data":261},"model":"mineclub/furniture/atm"},{"predicate":{"custom_model_data":262},"model":"mineclub/images/empty"},{"predicate":{"custom_model_data":263},"model":"mineclub/icons/2dastronaut"},{"predicate":{"custom_model_data":264},"model":"mineclub/icons/2dbandana"},{"predicate":{"custom_model_data":265},"model":"mineclub/icons/2dcowboy"},{"predicate":{"custom_model_data":266},"model":"mineclub/icons/2delf"},{"predicate":{"custom_model_data":267},"model":"mineclub/icons/2dsailor"},{"predicate":{"custom_model_data":268},"model":"mineclub/icons/2dscuba"},{"predicate":{"custom_model_data":269},"model":"mineclub/icons/2dseuss"},{"predicate":{"custom_model_data":270},"model":"mineclub/icons/2dsummer"},{"predicate":{"custom_model_data":271},"model":"mineclub/icons/game_sumo"},{"predicate":{"custom_model_data":272},"model":"mineclub/icons/game_match5"},{"predicate":{"custom_model_data":273},"model":"mineclub/icons/2daviators"},{"predicate":{"custom_model_data":274},"model":"mineclub/icons/2dbeta_blue"},{"predicate":{"custom_model_data":275},"model":"mineclub/icons/2dbeta_green"},{"predicate":{"custom_model_data":276},"model":"mineclub/icons/2dbeta_magenta"},{"predicate":{"custom_model_data":277},"model":"mineclub/icons/beta_hat_ani"},{"predicate":{"custom_model_data":278},"model":"mineclub/icons/2dbeta_red"},{"predicate":{"custom_model_data":279},"model":"mineclub/icons/2dbeta_white"},{"predicate":{"custom_model_data":280},"model":"mineclub/icons/2dbunny"},{"predicate":{"custom_model_data":281},"model":"mineclub/icons/2dcat"},{"predicate":{"custom_model_data":282},"model":"mineclub/icons/2ddevil"},{"predicate":{"custom_model_data":283},"model":"mineclub/icons/2dfedora"},{"predicate":{"custom_model_data":284},"model":"mineclub/icons/2dhalo"},{"predicate":{"custom_model_data":285},"model":"mineclub/icons/2dheadphones"},{"predicate":{"custom_model_data":286},"model":"mineclub/icons/2dnative"},{"predicate":{"custom_model_data":287},"model":"mineclub/icons/2dhypno"},{"predicate":{"custom_model_data":288},"model":"mineclub/icons/2dpirate"},{"predicate":{"custom_model_data":289},"model":"mineclub/icons/2dpolice"},{"predicate":{"custom_model_data":290},"model":"mineclub/icons/2dsteam"},{"predicate":{"custom_model_data":291},"model":"mineclub/icons/2dstraw"},{"predicate":{"custom_model_data":292},"model":"mineclub/icons/2dtop"},{"predicate":{"custom_model_data":293},"model":"mineclub/icons/2dunicorn"},{"predicate":{"custom_model_data":294},"model":"mineclub/icons/2dushanka"},{"predicate":{"custom_model_data":295},"model":"mineclub/icons/2dviking"},{"predicate":{"custom_model_data":296},"model":"mineclub/images/empty"},{"predicate":{"custom_model_data":297},"model":"mineclub/items/mobile_phone"},{"predicate":{"custom_model_data":298},"model":"mineclub/ui/trade/header_on1"},{"predicate":{"custom_model_data":299},"model":"mineclub/ui/trade/header_off1"},{"predicate":{"custom_model_data":300},"model":"mineclub/icons/exitdoor"},{"predicate":{"custom_model_data":301},"model":"mineclub/handheld/clipboard"},{"predicate":{"custom_model_data":302},"model":"mineclub/handheld/handmirror"},{"predicate":{"custom_model_data":303},"model":"mineclub/handheld/icecream"},{"predicate":{"custom_model_data":304},"model":"mineclub/handheld/magicwand"},{"predicate":{"custom_model_data":305},"model":"mineclub/handheld/plushie_alien"},{"predicate":{"custom_model_data":306},"model":"mineclub/handheld/popcornv"},{"predicate":{"custom_model_data":307},"model":"mineclub/handheld/popsicle_blue"},{"predicate":{"custom_model_data":308},"model":"mineclub/handheld/selfiestick"},{"predicate":{"custom_model_data":309},"model":"mineclub/handheld/skateboardv"},{"predicate":{"custom_model_data":310},"model":"mineclub/handheld/toothbrush"},{"predicate":{"custom_model_data":311},"model":"mineclub/handheld/toy_car"},{"predicate":{"custom_model_data":312},"model":"mineclub/handheld/magnifying_glass"},{"predicate":{"custom_model_data":313},"model":"mineclub/icons/online"},{"predicate":{"custom_model_data":314},"model":"mineclub/icons/offline"},{"predicate":{"custom_model_data":315},"model":"mineclub/icons/afk"},{"predicate":{"custom_model_data":316},"model":"mineclub/images/empty"},{"predicate":{"custom_model_data":317},"model":"mineclub/images/empty"},{"predicate":{"custom_model_data":318},"model":"mineclub/images/empty"},{"predicate":{"custom_model_data":319},"model":"mineclub/images/empty"},{"predicate":{"custom_model_data":320},"model":"mineclub/images/empty"},{"predicate":{"custom_model_data":321},"model":"mineclub/images/empty"},{"predicate":{"custom_model_data":322},"model":"mineclub/images/empty"},{"predicate":{"custom_model_data":323},"model":"mineclub/images/empty"},{"predicate":{"custom_model_data":324},"model":"mineclub/ui/empty"},{"predicate":{"custom_model_data":325},"model":"mineclub/ui/empty"},{"predicate":{"custom_model_data":326},"model":"mineclub/ui/profile_inventory"},{"predicate":{"custom_model_data":327},"model":"mineclub/ui/empty"},{"predicate":{"custom_model_data":328},"model":"mineclub/icons/2dbriefcase"},{"predicate":{"custom_model_data":329},"model":"mineclub/icons/2dcamera"},{"predicate":{"custom_model_data":330},"model":"mineclub/icons/2dhammer"},{"predicate":{"custom_model_data":331},"model":"mineclub/icons/2dhandbag"},{"predicate":{"custom_model_data":332},"model":"mineclub/icons/2dpitchfork"},{"predicate":{"custom_model_data":333},"model":"mineclub/icons/2dumbrella"},{"predicate":{"custom_model_data":334},"model":"mineclub/ui/profile_inventory_rainbow"},{"predicate":{"custom_model_data":335},"model":"mineclub/handheld/lightsaber_hilt_red"},{"predicate":{"custom_model_data":336},"model":"mineclub/handheld/lightsaber_blue"},{"predicate":{"custom_model_data":337},"model":"mineclub/handheld/lightsaber_green"},{"predicate":{"custom_model_data":338},"model":"mineclub/handheld/lightsaber_purple"},{"predicate":{"custom_model_data":339},"model":"mineclub/handheld/lightsaber_red"},{"predicate":{"custom_model_data":340},"model":"mineclub/handheld/lightsaber_hilt_blue"},{"predicate":{"custom_model_data":341},"model":"mineclub/handheld/lightsaber_hilt_green"},{"predicate":{"custom_model_data":342},"model":"mineclub/handheld/lightsaber_hilt_purple"},{"predicate":{"custom_model_data":343},"model":"mineclub/handheld/briefcase"},{"predicate":{"custom_model_data":344},"model":"mineclub/handheld/handbag"},{"predicate":{"custom_model_data":345},"model":"mineclub/handheld/camera"},{"predicate":{"custom_model_data":346},"model":"mineclub/handheld/hammer"},{"predicate":{"custom_model_data":347},"model":"mineclub/handheld/umbrella"},{"predicate":{"custom_model_data":348},"model":"mineclub/handheld/pitchfork"},{"predicate":{"custom_model_data":349},"model":"mineclub/icons/2dlightsaberred"},{"predicate":{"custom_model_data":350},"model":"mineclub/icons/2dlightsaberblue"},{"predicate":{"custom_model_data":351},"model":"mineclub/icons/2dlightsabergreen"},{"predicate":{"custom_model_data":352},"model":"mineclub/icons/2dlightsaberpurple"},{"predicate":{"custom_model_data":353},"model":"mineclub/icons/rematch_0"},{"predicate":{"custom_model_data":354},"model":"mineclub/icons/rematch_5"},{"predicate":{"custom_model_data":355},"model":"mineclub/icons/rematch_4"},{"predicate":{"custom_model_data":356},"model":"mineclub/icons/rematch_3"},{"predicate":{"custom_model_data":357},"model":"mineclub/icons/rematch_2"},{"predicate":{"custom_model_data":358},"model":"mineclub/icons/rematch_1"},{"predicate":{"custom_model_data":359},"model":"mineclub/handheld/piratehook"},{"predicate":{"custom_model_data":360},"model":"mineclub/handheld/paintbrush"},{"predicate":{"custom_model_data":361},"model":"mineclub/handheld/fairywand"},{"predicate":{"custom_model_data":362},"model":"mineclub/handheld/hockeystick"},{"predicate":{"custom_model_data":363},"model":"mineclub/handheld/fryingpan"},{"predicate":{"custom_model_data":364},"model":"mineclub/icons/2dtiara"},{"predicate":{"custom_model_data":365},"model":"mineclub/icons/2dantlers"},{"predicate":{"custom_model_data":366},"model":"mineclub/icons/2dfryingpan"},{"predicate":{"custom_model_data":367},"model":"mineclub/icons/2dhockeystick"},{"predicate":{"custom_model_data":368},"model":"mineclub/icons/2dpiratehook"},{"predicate":{"custom_model_data":369},"model":"mineclub/icons/2dfairywand"},{"predicate":{"custom_model_data":370},"model":"mineclub/icons/2dpaintbrush"},{"predicate":{"custom_model_data":371},"model":"mineclub/handheld/rainbowcloud"},{"predicate":{"custom_model_data":372},"model":"mineclub/handheld/shovel"},{"predicate":{"custom_model_data":373},"model":"mineclub/handheld/tennis"},{"predicate":{"custom_model_data":374},"model":"mineclub/handheld/frogpillow"},{"predicate":{"custom_model_data":375},"model":"mineclub/handheld/empty"},{"predicate":{"custom_model_data":376},"model":"mineclub/icons/2dtennis"},{"predicate":{"custom_model_data":377},"model":"mineclub/icons/2dshovel"},{"predicate":{"custom_model_data":378},"model":"mineclub/icons/2dfrogpillow"},{"predicate":{"custom_model_data":379},"model":"mineclub/icons/2drainbowpillow"},{"predicate":{"custom_model_data":380},"model":"mineclub/icons/summer_title"},{"predicate":{"custom_model_data":381},"model":"mineclub/icons/summer_hat"},{"predicate":{"custom_model_data":382},"model":"mineclub/icons/summer_net"},{"predicate":{"custom_model_data":383},"model":"mineclub/icons/lead_tran"},{"predicate":{"custom_model_data":384},"model":"mineclub/images/empty"},{"predicate":{"custom_model_data":385},"model":"mineclub/images/empty"},{"predicate":{"custom_model_data":386},"model":"mineclub/handheld/megaphone"},{"predicate":{"custom_model_data":387},"model":"mineclub/handheld/candycane"},{"predicate":{"custom_model_data":388},"model":"mineclub/handheld/pillow"},{"predicate":{"custom_model_data":389},"model":"mineclub/icons/2dtomato"},{"predicate":{"custom_model_data":390},"model":"mineclub/icons/2dsombrero"},{"predicate":{"custom_model_data":391},"model":"mineclub/icons/2ddinosaur_hat"},{"predicate":{"custom_model_data":392},"model":"mineclub/icons/2dcrown"},{"predicate":{"custom_model_data":393},"model":"mineclub/icons/2dmegaphone"},{"predicate":{"custom_model_data":394},"model":"mineclub/icons/2dcandycane"},{"predicate":{"custom_model_data":395},"model":"mineclub/icons/2dpillow"},{"predicate":{"custom_model_data":396},"model":"mineclub/icons/2dteddy"},{"predicate":{"custom_model_data":397},"model":"mineclub/icons/2dsaxophone"},{"predicate":{"custom_model_data":398},"model":"mineclub/icons/2dfoamfinger"},{"predicate":{"custom_model_data":399},"model":"mineclub/icons/hat_beta"},{"predicate":{"custom_model_data":400},"model":"mineclub/icons/hat_easter"},{"predicate":{"custom_model_data":401},"model":"mineclub/icons/h_pop"},{"predicate":{"custom_model_data":402},"model":"mineclub/icons/hat_spring"},{"predicate":{"custom_model_data":403},"model":"mineclub/handheld/teddy"},{"predicate":{"custom_model_data":404},"model":"mineclub/handheld/saxophone"},{"predicate":{"custom_model_data":405},"model":"mineclub/handheld/foamfinger"},{"predicate":{"custom_model_data":406},"model":"mineclub/icons/2dsanta"},{"predicate":{"custom_model_data":407},"model":"mineclub/items/cratenormal"},{"predicate":{"custom_model_data":408},"model":"mineclub/items/cratecommon"},{"predicate":{"custom_model_data":409},"model":"mineclub/items/craterare"},{"predicate":{"custom_model_data":410},"model":"mineclub/items/crateepic"},{"predicate":{"custom_model_data":411},"model":"mineclub/items/cratemythical"},{"predicate":{"custom_model_data":412},"model":"mineclub/icons/2dpremiumlock"},{"predicate":{"custom_model_data":413},"model":"mineclub/icons/hat_summer"},{"predicate":{"custom_model_data":414},"model":"mineclub/icons/empty"},{"predicate":{"custom_model_data":415},"model":"mineclub/handheld/spring_bouquet"},{"predicate":{"custom_model_data":416},"model":"mineclub/hats/spring_flower_crown"},{"predicate":{"custom_model_data":417},"model":"mineclub/icons/2dspringcrown"},{"predicate":{"custom_model_data":418},"model":"mineclub/icons/2dspringbouquet"},{"predicate":{"custom_model_data":419},"model":"mineclub/icons/marketgem"},{"predicate":{"custom_model_data":420},"model":"mineclub/icons/2dspringtitle"},{"predicate":{"custom_model_data":421},"model":"mineclub/icons/leavebuild"},{"predicate":{"custom_model_data":422},"model":"mineclub/hats/summerhat"},{"predicate":{"custom_model_data":423},"model":"mineclub/handheld/summernet"},{"predicate":{"custom_model_data":424},"model":"mineclub/icons/2dsummerhat"},{"predicate":{"custom_model_data":425},"model":"mineclub/icons/2dsummernet"},{"predicate":{"custom_model_data":426},"model":"mineclub/hats/summerani"},{"predicate":{"custom_model_data":427},"model":"mineclub/icons/environment"},{"predicate":{"custom_model_data":428},"model":"mineclub/handheld/hand"},{"predicate":{"custom_model_data":429},"model":"mineclub/icons/environment"},{"predicate":{"custom_model_data":430},"model":"mineclub/games/empty"},{"predicate":{"custom_model_data":431},"model":"mineclub/handheld/bunny"},{"predicate":{"custom_model_data":432},"model":"mineclub/handheld/soda"},{"predicate":{"custom_model_data":433},"model":"mineclub/handheld/gavel"},{"predicate":{"custom_model_data":434},"model":"mineclub/handheld/nutcracker"},{"predicate":{"custom_model_data":435},"model":"mineclub/handheld/controller"},{"predicate":{"custom_model_data":436},"model":"mineclub/handheld/spraypaint"},{"predicate":{"custom_model_data":437},"model":"mineclub/handheld/zombie"},{"predicate":{"custom_model_data":438},"model":"mineclub/handheld/enderman"},{"predicate":{"custom_model_data":439},"model":"mineclub/icons/2dbunnyh"},{"predicate":{"custom_model_data":440},"model":"mineclub/icons/2dsodacan"},{"predicate":{"custom_model_data":441},"model":"mineclub/icons/2dgavel"},{"predicate":{"custom_model_data":442},"model":"mineclub/icons/2dnutcracker"},{"predicate":{"custom_model_data":443},"model":"mineclub/icons/2dcontroller"},{"predicate":{"custom_model_data":444},"model":"mineclub/icons/2dspraypaint"},{"predicate":{"custom_model_data":445},"model":"mineclub/icons/2dzombie"},{"predicate":{"custom_model_data":446},"model":"mineclub/icons/2denderman"},{"predicate":{"custom_model_data":447},"model":"mineclub/icons/2dwinged"},{"predicate":{"custom_model_data":448},"model":"mineclub/icons/2dspider"},{"predicate":{"custom_model_data":449},"model":"mineclub/icons/2dtigerears"},{"predicate":{"custom_model_data":450},"model":"mineclub/icons/2dmushroom_cap"},{"predicate":{"custom_model_data":451},"model":"mineclub/icons/2dcactus_cap"},{"predicate":{"custom_model_data":452},"model":"mineclub/icons/2dmotorcycle"},{"predicate":{"custom_model_data":453},"model":"mineclub/icons/2dgasmask"},{"predicate":{"custom_model_data":454},"model":"mineclub/icons/2djellyfish"},{"predicate":{"custom_model_data":455},"model":"mineclub/games/battlebox/flag"},{"predicate":{"custom_model_data":456},"model":"mineclub/icons/2ddisguise"},{"predicate":{"custom_model_data":457},"model":"mineclub/icons/environment"},{"predicate":{"custom_model_data":458},"model":"mineclub/icons/2dminer"},{"predicate":{"custom_model_data":459},"model":"mineclub/icons/2dnightvision"},{"predicate":{"custom_model_data":460},"model":"mineclub/icons/2dpaintball"},{"predicate":{"custom_model_data":461},"model":"mineclub/icons/2dpilgrim"},{"predicate":{"custom_model_data":462},"model":"mineclub/icons/2dtelevision"},{"predicate":{"custom_model_data":463},"model":"mineclub/icons/2dturtle"},{"predicate":{"custom_model_data":464},"model":"mineclub/icons/2dvalkyrie"},{"predicate":{"custom_model_data":465},"model":"mineclub/icons/2dhazmat"},{"predicate":{"custom_model_data":466},"model":"mineclub/icons/2dtiki"},{"predicate":{"custom_model_data":467},"model":"mineclub/handheld/ban_hammer"},{"predicate":{"custom_model_data":468},"model":"mineclub/icons/jb"},{"predicate":{"custom_model_data":469},"model":"mineclub/icons/jb7"},{"predicate":{"custom_model_data":470},"model":"mineclub/icons/jb6"},{"predicate":{"custom_model_data":471},"model":"mineclub/icons/jb5"},{"predicate":{"custom_model_data":472},"model":"mineclub/icons/jb4"},{"predicate":{"custom_model_data":473},"model":"mineclub/icons/jb3"},{"predicate":{"custom_model_data":474},"model":"mineclub/icons/jb2"},{"predicate":{"custom_model_data":475},"model":"mineclub/icons/jb1"},{"predicate":{"custom_model_data":476},"model":"mineclub/items/market_premtoken"},{"predicate":{"custom_model_data":477},"model":"mineclub/items/market_rare"},{"predicate":{"custom_model_data":478},"model":"mineclub/items/market_myth"},{"predicate":{"custom_model_data":479},"model":"mineclub/items/market_com"},{"predicate":{"custom_model_data":480},"model":"mineclub/items/market_epic"},{"predicate":{"custom_model_data":481},"model":"mineclub/items/market_norm"},{"predicate":{"custom_model_data":482},"model":"mineclub/icons/2dskateboardhelmet"},{"predicate":{"custom_model_data":483},"model":"mineclub/icons/2dsamurai"},{"predicate":{"custom_model_data":484},"model":"mineclub/icons/2dbatglasses"},{"predicate":{"custom_model_data":485},"model":"mineclub/icons/2dboater"},{"predicate":{"custom_model_data":486},"model":"mineclub/icons/2dbox"},{"predicate":{"custom_model_data":487},"model":"mineclub/icons/2dbucket"},{"predicate":{"custom_model_data":488},"model":"mineclub/icons/2dmasquerade"},{"predicate":{"custom_model_data":489},"model":"mineclub/icons/2daviatorhat"},{"predicate":{"custom_model_data":490},"model":"mineclub/icons/2dmcbandana"},{"predicate":{"custom_model_data":491},"model":"mineclub/icons/2drainbowbandana"},{"predicate":{"custom_model_data":492},"model":"mineclub/icons/2dartist"},{"predicate":{"custom_model_data":493},"model":"mineclub/icons/2dearmuffs"},{"predicate":{"custom_model_data":494},"model":"mineclub/icons/2dfireman"},{"predicate":{"custom_model_data":495},"model":"mineclub/icons/2dscience"},{"predicate":{"custom_model_data":496},"model":"mineclub/icons/2darcher"},{"predicate":{"custom_model_data":497},"model":"mineclub/icons/2dninja"},{"predicate":{"custom_model_data":498},"model":"mineclub/icons/2dash"},{"predicate":{"custom_model_data":499},"model":"mineclub/icons/2dfrog"},{"predicate":{"custom_model_data":500},"model":"mineclub/icons/2dcake"},{"predicate":{"custom_model_data":501},"model":"mineclub/icons/empty"},{"predicate":{"custom_model_data":502},"model":"mineclub/icons/empty"},{"predicate":{"custom_model_data":503},"model":"mineclub/handheld/binoculars"},{"predicate":{"custom_model_data":504},"model":"mineclub/handheld/boombox"},{"predicate":{"custom_model_data":505},"model":"mineclub/handheld/bubbles"},{"predicate":{"custom_model_data":506},"model":"mineclub/handheld/firstaid"},{"predicate":{"custom_model_data":507},"model":"mineclub/handheld/pandaplush"},{"predicate":{"custom_model_data":508},"model":"mineclub/handheld/robotz"},{"predicate":{"custom_model_data":509},"model":"mineclub/handheld/royal"},{"predicate":{"custom_model_data":510},"model":"mineclub/handheld/surf2"},{"predicate":{"custom_model_data":511},"model":"mineclub/handheld/empty"},{"predicate":{"custom_model_data":512},"model":"mineclub/hats/shark"},{"predicate":{"custom_model_data":513},"model":"mineclub/icons/2dbinoculars"},{"predicate":{"custom_model_data":514},"model":"mineclub/icons/2dboombox"},{"predicate":{"custom_model_data":515},"model":"mineclub/icons/2dbubbles"},{"predicate":{"custom_model_data":516},"model":"mineclub/icons/2dfirstaid"},{"predicate":{"custom_model_data":517},"model":"mineclub/icons/2dpandaplush"},{"predicate":{"custom_model_data":518},"model":"mineclub/icons/2drobot"},{"predicate":{"custom_model_data":519},"model":"mineclub/icons/2droyal"},{"predicate":{"custom_model_data":520},"model":"mineclub/icons/2dshark"},{"predicate":{"custom_model_data":521},"model":"mineclub/icons/2dsurf"},{"predicate":{"custom_model_data":522},"model":"mineclub/icons/empty"},{"predicate":{"custom_model_data":522},"model":"mineclub/icons/2d3dglasses"},{"predicate":{"custom_model_data":523},"model":"mineclub/hats/3d_glasses"},{"predicate":{"custom_model_data":524},"model":"mineclub/hats/monocle"},{"predicate":{"custom_model_data":525},"model":"mineclub/hats/construction"},{"predicate":{"custom_model_data":526},"model":"mineclub/icons/2dmonocle"},{"predicate":{"custom_model_data":527},"model":"mineclub/icons/2dconstruction"},{"predicate":{"custom_model_data":528},"model":"mineclub/hats/easter_beanie"},{"predicate":{"custom_model_data":529},"model":"mineclub/handheld/easter_basket"},{"predicate":{"custom_model_data":530},"model":"mineclub/icons/2deasterbeanie"},{"predicate":{"custom_model_data":531},"model":"mineclub/icons/2deasterbasket"},{"predicate":{"custom_model_data":532},"model":"mineclub/icons/disrespecting"},{"predicate":{"custom_model_data":533},"model":"mineclub/icons/spamming"},{"predicate":{"custom_model_data":534},"model":"mineclub/icons/racism"},{"predicate":{"custom_model_data":535},"model":"mineclub/icons/advertising"},{"predicate":{"custom_model_data":536},"model":"mineclub/icons/dox"},{"predicate":{"custom_model_data":537},"model":"mineclub/icons/homophobia"},{"predicate":{"custom_model_data":538},"model":"mineclub/icons/sexism"},{"predicate":{"custom_model_data":539},"model":"mineclub/icons/impersonation"},{"predicate":{"custom_model_data":540},"model":"mineclub/icons/muteevade"},{"predicate":{"custom_model_data":541},"model":"mineclub/icons/scamming"},{"predicate":{"custom_model_data":542},"model":"mineclub/icons/trolling"},{"predicate":{"custom_model_data":543},"model":"mineclub/icons/bypassingfilter"},{"predicate":{"custom_model_data":544},"model":"mineclub/icons/hackusating"},{"predicate":{"custom_model_data":545},"model":"mineclub/icons/questionmark"},{"predicate":{"custom_model_data":546},"model":"mineclub/icons/2dpopsicle"},{"predicate":{"custom_model_data":547},"model":"mineclub/icons/2dclipboard"},{"predicate":{"custom_model_data":548},"model":"mineclub/icons/2dmagicwand"},{"predicate":{"custom_model_data":549},"model":"mineclub/icons/2dtoothbrush"},{"predicate":{"custom_model_data":550},"model":"mineclub/icons/2dskateboard"},{"predicate":{"custom_model_data":551},"model":"mineclub/icons/2dpopcorn"},{"predicate":{"custom_model_data":552},"model":"mineclub/icons/2dmirror"},{"predicate":{"custom_model_data":553},"model":"mineclub/icons/2dselfie"},{"predicate":{"custom_model_data":554},"model":"mineclub/icons/2dicecream"},{"predicate":{"custom_model_data":555},"model":"mineclub/icons/2dalien"},{"predicate":{"custom_model_data":556},"model":"mineclub/icons/2dcar"},{"predicate":{"custom_model_data":557},"model":"mineclub/icons/2dmagnify"},{"predicate":{"custom_model_data":558},"model":"mineclub/icons/rotbutton"},{"predicate":{"custom_model_data":559},"model":"mineclub/games/lasertag/laser_helmet_emerald"},{"predicate":{"custom_model_data":560},"model":"mineclub/games/lasertag/laser_helmet_diamond"},{"predicate":{"custom_model_data":561},"model":"mineclub/games/lasertag/laser_helmet_amber"},{"predicate":{"custom_model_data":562},"model":"mineclub/games/lasertag/laser_helmet_amethyst"},{"predicate":{"custom_model_data":563},"model":"mineclub/games/lasertag/laser_helmet_gold"},{"predicate":{"custom_model_data":564},"model":"mineclub/games/lasertag/laser_helmet_ruby"},{"predicate":{"custom_model_data":565},"model":"mineclub/games/lasertag/laser_helmet_lazul"},{"predicate":{"custom_model_data":566},"model":"mineclub/games/lasertag/laser_helmet_sapphire"},{"predicate":{"custom_model_data":567},"model":"mineclub/games/lasertag/gemstone"},{"predicate":{"custom_model_data":568},"model":"mineclub/icons/movebutton"},{"predicate":{"custom_model_data":569},"model":"mineclub/icons/delbutton"},{"predicate":{"custom_model_data":570},"model":"mineclub/icons/dyebutton"},{"predicate":{"custom_model_data":571},"model":"mineclub/games/lasertag/saphheavready"},{"predicate":{"custom_model_data":572},"model":"mineclub/icons/empty"},{"predicate":{"custom_model_data":573},"model":"mineclub/games/lasertag/saphpistolready"},{"predicate":{"custom_model_data":574},"model":"mineclub/icons/portal"},{"predicate":{"custom_model_data":575},"model":"mineclub/games/lasertag/diaheavready"},{"predicate":{"custom_model_data":576},"model":"mineclub/icons/themes"},{"predicate":{"custom_model_data":577},"model":"mineclub/games/lasertag/diapistolready"},{"predicate":{"custom_model_data":578},"model":"mineclub/furniture/keyboard_mouse"},{"predicate":{"custom_model_data":579},"model":"mineclub/games/lasertag/ameheavready"},{"predicate":{"custom_model_data":580},"model":"mineclub/furniture/mirrorfurn"},{"predicate":{"custom_model_data":581},"model":"mineclub/games/lasertag/amepistolready"},{"predicate":{"custom_model_data":582},"model":"mineclub/furniture/monitor"},{"predicate":{"custom_model_data":583},"model":"mineclub/games/lasertag/lazheavready"},{"predicate":{"custom_model_data":584},"model":"mineclub/furniture/shelf"},{"predicate":{"custom_model_data":585},"model":"mineclub/games/lasertag/lazpistolready"},{"predicate":{"custom_model_data":586},"model":"mineclub/furniture/sofa_corner"},{"predicate":{"custom_model_data":587},"model":"mineclub/games/lasertag/amberheavready"},{"predicate":{"custom_model_data":588},"model":"mineclub/furniture/sofa_mid"},{"predicate":{"custom_model_data":589},"model":"mineclub/games/lasertag/amberpistolready"},{"predicate":{"custom_model_data":590},"model":"mineclub/furniture/stove"},{"predicate":{"custom_model_data":591},"model":"mineclub/games/lasertag/goldheavready"},{"predicate":{"custom_model_data":592},"model":"mineclub/furniture/table"},{"predicate":{"custom_model_data":593},"model":"mineclub/games/lasertag/goldpistolready"},{"predicate":{"custom_model_data":594},"model":"mineclub/furniture/vintage_camera"},{"predicate":{"custom_model_data":595},"model":"mineclub/games/lasertag/emeheavready"},{"predicate":{"custom_model_data":596},"model":"mineclub/furniture/wardrobe"},{"predicate":{"custom_model_data":597},"model":"mineclub/games/lasertag/emepistolready"},{"predicate":{"custom_model_data":598},"model":"mineclub/furniture/"},{"predicate":{"custom_model_data":599},"model":"mineclub/games/lasertag/rubyheavready"},{"predicate":{"custom_model_data":600},"model":"mineclub/furniture/"},{"predicate":{"custom_model_data":601},"model":"mineclub/games/lasertag/rubypistolready"},{"predicate":{"custom_model_data":602},"model":"mineclub/games/lasertag/saphdag"},{"predicate":{"custom_model_data":603},"model":"mineclub/games/lasertag/diadag"},{"predicate":{"custom_model_data":604},"model":"mineclub/games/lasertag/amedag"},{"predicate":{"custom_model_data":605},"model":"mineclub/games/lasertag/lazdag"},{"predicate":{"custom_model_data":606},"model":"mineclub/games/lasertag/amberdag"},{"predicate":{"custom_model_data":607},"model":"mineclub/games/lasertag/golddag"},{"predicate":{"custom_model_data":608},"model":"mineclub/games/lasertag/emedag"},{"predicate":{"custom_model_data":609},"model":"mineclub/games/lasertag/rubydag"},{"predicate":{"custom_model_data":610},"model":"mineclub/icons/beta_hat_ani"},{"predicate":{"custom_model_data":611},"model":"mineclub/games/lasertag/lasertag_wallhanger"},{"predicate":{"custom_model_data":612},"model":"mineclub/games/lasertag/lasertag_wallhanger2"},{"predicate":{"custom_model_data":613},"model":"mineclub/games/lasertag/lasertag_wallhanger3"},{"predicate":{"custom_model_data":614},"model":"mineclub/games/lasertag/lasertag_wallhanger4"},{"predicate":{"custom_model_data":615},"model":"mineclub/icons/empty"},{"predicate":{"custom_model_data":616},"model":"mineclub/handheld/bird_cage"},{"predicate":{"custom_model_data":617},"model":"mineclub/handheld/chocolate_bar"},{"predicate":{"custom_model_data":618},"model":"mineclub/handheld/claw_hand"},{"predicate":{"custom_model_data":619},"model":"mineclub/handheld/comb"},{"predicate":{"custom_model_data":620},"model":"mineclub/hats/cow_hat"},{"predicate":{"custom_model_data":621},"model":"mineclub/hats/daisy_chain"},{"predicate":{"custom_model_data":622},"model":"mineclub/handheld/flamingo_plush"},{"predicate":{"custom_model_data":623},"model":"mineclub/handheld/french_fries"},{"predicate":{"custom_model_data":624},"model":"mineclub/handheld/guitar"},{"predicate":{"custom_model_data":625},"model":"mineclub/handheld/laptop"},{"predicate":{"custom_model_data":626},"model":"mineclub/handheld/notebook"},{"predicate":{"custom_model_data":627},"model":"mineclub/handheld/paper_airplane"},{"predicate":{"custom_model_data":628},"model":"mineclub/handheld/pizza_box"},{"predicate":{"custom_model_data":629},"model":"mineclub/handheld/dino_plush"},{"predicate":{"custom_model_data":630},"model":"mineclub/handheld/gnome_plush"},{"predicate":{"custom_model_data":631},"model":"mineclub/handheld/pogo_stick"},{"predicate":{"custom_model_data":632},"model":"mineclub/handheld/potted_cactus"},{"predicate":{"custom_model_data":633},"model":"mineclub/handheld/pride_pillow"},{"predicate":{"custom_model_data":634},"model":"mineclub/hats/rainbow_shades"},{"predicate":{"custom_model_data":635},"model":"mineclub/handheld/robot_hand"},{"predicate":{"custom_model_data":636},"model":"mineclub/hats/skull_mask"},{"predicate":{"custom_model_data":637},"model":"mineclub/handheld/water_bottle"},{"predicate":{"custom_model_data":638},"model":"mineclub/handheld/suitcase"},{"predicate":{"custom_model_data":639},"model":"mineclub/handheld/sushi_tray"},{"predicate":{"custom_model_data":640},"model":"mineclub/handheld/sword"},{"predicate":{"custom_model_data":641},"model":"mineclub/handheld/toolbox"},{"predicate":{"custom_model_data":642},"model":"mineclub/handheld/toy_ufo"},{"predicate":{"custom_model_data":643},"model":"mineclub/hats/ufo_hat"},{"predicate":{"custom_model_data":644},"model":"mineclub/handheld/walkie_talkie"},{"predicate":{"custom_model_data":645},"model":"mineclub/handheld/wallet"},{"predicate":{"custom_model_data":646},"model":"mineclub/handheld/water_balloon_bucket"},{"predicate":{"custom_model_data":647},"model":"mineclub/handheld/water_gun"},{"predicate":{"custom_model_data":648},"model":"mineclub/handheld/xylophone"},{"predicate":{"custom_model_data":649},"model":"mineclub/handheld/yoyo"},{"predicate":{"custom_model_data":650},"model":"mineclub/icons/2dbirdcage"},{"predicate":{"custom_model_data":651},"model":"mineclub/icons/2dchocolatebar"},{"predicate":{"custom_model_data":652},"model":"mineclub/icons/2dclawhand"},{"predicate":{"custom_model_data":653},"model":"mineclub/icons/2dcomb"},{"predicate":{"custom_model_data":654},"model":"mineclub/icons/2dcowhat"},{"predicate":{"custom_model_data":655},"model":"mineclub/icons/2ddaisychain"},{"predicate":{"custom_model_data":656},"model":"mineclub/icons/2ddinoplush"},{"predicate":{"custom_model_data":657},"model":"mineclub/icons/2dflamingoplush"},{"predicate":{"custom_model_data":658},"model":"mineclub/icons/2dfrenchfries"},{"predicate":{"custom_model_data":659},"model":"mineclub/icons/2dgnomeplush"},{"predicate":{"custom_model_data":660},"model":"mineclub/icons/2dguitar"},{"predicate":{"custom_model_data":661},"model":"mineclub/icons/2dlaptop"},{"predicate":{"custom_model_data":662},"model":"mineclub/icons/2dnotebook"},{"predicate":{"custom_model_data":663},"model":"mineclub/icons/2dpaperairplane"},{"predicate":{"custom_model_data":664},"model":"mineclub/icons/2dpizzabox"},{"predicate":{"custom_model_data":665},"model":"mineclub/icons/2dpogostick"},{"predicate":{"custom_model_data":666},"model":"mineclub/icons/2dpottedcactus"},{"predicate":{"custom_model_data":667},"model":"mineclub/icons/2dpridepillow"},{"predicate":{"custom_model_data":668},"model":"mineclub/icons/2drainbowshades"},{"predicate":{"custom_model_data":669},"model":"mineclub/icons/2drobothand"},{"predicate":{"custom_model_data":670},"model":"mineclub/icons/2dskullmask"},{"predicate":{"custom_model_data":671},"model":"mineclub/icons/2dsuitcase"},{"predicate":{"custom_model_data":672},"model":"mineclub/icons/2dsushitray"},{"predicate":{"custom_model_data":673},"model":"mineclub/icons/2dsword"},{"predicate":{"custom_model_data":674},"model":"mineclub/icons/2dtoolbox"},{"predicate":{"custom_model_data":675},"model":"mineclub/icons/2dufohat"},{"predicate":{"custom_model_data":676},"model":"mineclub/icons/2dufotoy"},{"predicate":{"custom_model_data":677},"model":"mineclub/icons/2dwalkietalkie"},{"predicate":{"custom_model_data":678},"model":"mineclub/icons/2dwallet"},{"predicate":{"custom_model_data":679},"model":"mineclub/icons/2dwaterballoonbucket"},{"predicate":{"custom_model_data":680},"model":"mineclub/icons/2dwaterbottle"},{"predicate":{"custom_model_data":681},"model":"mineclub/icons/2dwatergun"},{"predicate":{"custom_model_data":682},"model":"mineclub/icons/2dxylophone"},{"predicate":{"custom_model_data":683},"model":"mineclub/icons/2dyoyo"},{"predicate":{"custom_model_data":684},"model":"mineclub/icons/2dbeachvisor"},{"predicate":{"custom_model_data":685},"model":"mineclub/icons/2ddragonplush"},{"predicate":{"custom_model_data":686},"model":"mineclub/icons/2dcookiehat"},{"predicate":{"custom_model_data":687},"model":"mineclub/icons/2dguardhat"},{"predicate":{"custom_model_data":688},"model":"mineclub/icons/2dpinkbow"},{"predicate":{"custom_model_data":689},"model":"mineclub/handheld/dragon_plush"},{"predicate":{"custom_model_data":690},"model":"mineclub/hats/beach_visor"},{"predicate":{"custom_model_data":691},"model":"mineclub/hats/guard_hat"},{"predicate":{"custom_model_data":692},"model":"mineclub/hats/pink_bow"},{"predicate":{"custom_model_data":693},"model":"mineclub/hats/cookie_hat"},{"predicate":{"custom_model_data":694},"model":"mineclub/icons/mysteryhat"},{"predicate":{"custom_model_data":695},"model":"mineclub/icons/mysterygem"},{"predicate":{"custom_model_data":696},"model":"mineclub/icons/2djokerhat"},{"predicate":{"custom_model_data":697},"model":"mineclub/icons/2dfeathercrown"},{"predicate":{"custom_model_data":698},"model":"mineclub/icons/2dstitchhat"},{"predicate":{"custom_model_data":699},"model":"mineclub/icons/2dangryhat"},{"predicate":{"custom_model_data":700},"model":"mineclub/icons/2dsprouthat"},{"predicate":{"custom_model_data":701},"model":"mineclub/icons/2dbatmask"},{"predicate":{"custom_model_data":702},"model":"mineclub/icons/2dshrekbeanie"},{"predicate":{"custom_model_data":703},"model":"mineclub/icons/2dtaxhat"},{"predicate":{"custom_model_data":704},"model":"mineclub/hats/angry_hat"},{"predicate":{"custom_model_data":705},"model":"mineclub/hats/tax_hat"},{"predicate":{"custom_model_data":706},"model":"mineclub/hats/shrek_beanie"},{"predicate":{"custom_model_data":707},"model":"mineclub/hats/bat_mask"},{"predicate":{"custom_model_data":708},"model":"mineclub/hats/joker_hat"},{"predicate":{"custom_model_data":709},"model":"mineclub/hats/sprout_hat"},{"predicate":{"custom_model_data":710},"model":"mineclub/hats/feather_crown"},{"predicate":{"custom_model_data":711},"model":"mineclub/hats/stitch_hat"},{"predicate":{"custom_model_data":712},"model":"mineclub/furniture/atm7"},{"predicate":{"custom_model_data":713},"model":"mineclub/furniture/empty"},{"predicate":{"custom_model_data":714},"model":"mineclub/images/empty"},{"predicate":{"custom_model_data":715},"model":"mineclub/images/empty"},{"predicate":{"custom_model_data":716},"model":"mineclub/icons/beachcolor"},{"predicate":{"custom_model_data":717},"model":"mineclub/icons/beachgray"},{"predicate":{"custom_model_data":718},"model":"mineclub/icons/cinemacolor"},{"predicate":{"custom_model_data":719},"model":"mineclub/icons/cinemagray"},{"predicate":{"custom_model_data":720},"model":"mineclub/ui/trade/tradedummy"},{"predicate":{"custom_model_data":721},"model":"mineclub/furniture/atm1"},{"predicate":{"custom_model_data":722},"model":"mineclub/furniture/atm2"},{"predicate":{"custom_model_data":723},"model":"mineclub/furniture/atm3"},{"predicate":{"custom_model_data":724},"model":"mineclub/furniture/atm4"},{"predicate":{"custom_model_data":725},"model":"mineclub/furniture/atm5"},{"predicate":{"custom_model_data":726},"model":"mineclub/furniture/atm6"},{"predicate":{"custom_model_data":727},"model":"mineclub/icons/blocks"},{"predicate":{"custom_model_data":728},"model":"mineclub/icons/creative"},{"predicate":{"custom_model_data":729},"model":"mineclub/icons/leavecreative"},{"predicate":{"custom_model_data":730},"model":"mineclub/furniture/empty"},{"predicate":{"custom_model_data":731},"model":"mineclub/icons/envbeach"},{"predicate":{"custom_model_data":732},"model":"mineclub/icons/envtaiga"},{"predicate":{"custom_model_data":733},"model":"mineclub/icons/envdesert"},{"predicate":{"custom_model_data":734},"model":"mineclub/icons/envmushroom"},{"predicate":{"custom_model_data":735},"model":"mineclub/icons/envsnow"},{"predicate":{"custom_model_data":736},"model":"mineclub/icons/envbirch"},{"predicate":{"custom_model_data":737},"model":"mineclub/icons/envpyramid"},{"predicate":{"custom_model_data":738},"model":"mineclub/icons/envforest"},{"predicate":{"custom_model_data":739},"model":"mineclub/icons/envspruceforest"},{"predicate":{"custom_model_data":740},"model":"mineclub/icons/envcity"},{"predicate":{"custom_model_data":741},"model":"mineclub/icons/envoriental"},{"predicate":{"custom_model_data":742},"model":"mineclub/icons/envspruce"},{"predicate":{"custom_model_data":743},"model":"mineclub/icons/fenceempty"},{"predicate":{"custom_model_data":744},"model":"mineclub/icons/fencemodern"},{"predicate":{"custom_model_data":745},"model":"mineclub/icons/fenceoak"},{"predicate":{"custom_model_data":746},"model":"mineclub/icons/fencesandstone"},{"predicate":{"custom_model_data":747},"model":"mineclub/icons/fencestrippeddark"},{"predicate":{"custom_model_data":748},"model":"mineclub/icons/fencestrippedoak"},{"predicate":{"custom_model_data":749},"model":"mineclub/icons/fencestrippedspruce"},{"predicate":{"custom_model_data":750},"model":"mineclub/icons/envbarrier"},{"predicate":{"custom_model_data":751},"model":"mineclub/icons/fenceoakleaf"},{"predicate":{"custom_model_data":752},"model":"mineclub/icons/fencecyanterracotta"},{"predicate":{"custom_model_data":753},"model":"mineclub/icons/fencemixedwood"},{"predicate":{"custom_model_data":754},"model":"mineclub/icons/fencesandbrick"},{"predicate":{"custom_model_data":755},"model":"mineclub/icons/fencebrickironbar"},{"predicate":{"custom_model_data":756},"model":"mineclub/icons/fenceendrod"},{"predicate":{"custom_model_data":757},"model":"mineclub/icons/fencepurple"},{"predicate":{"custom_model_data":758},"model":"mineclub/icons/fencepink"},{"predicate":{"custom_model_data":759},"model":"mineclub/icons/envwestern"},{"predicate":{"custom_model_data":760},"model":"mineclub/icons/dodgeball"},{"predicate":{"custom_model_data":761},"model":"mineclub/hats/fallcrown"},{"predicate":{"custom_model_data":762},"model":"mineclub/handheld/fallowl"},{"predicate":{"custom_model_data":763},"model":"mineclub/icons/2dfallcrown"},{"predicate":{"custom_model_data":764},"model":"mineclub/icons/2dfallowl"},{"predicate":{"custom_model_data":765},"model":"mineclub/hats/halloweenbeanie_sel"},{"predicate":{"custom_model_data":766},"model":"mineclub/handheld/halloweenbasket_sel"},{"predicate":{"custom_model_data":767},"model":"mineclub/icons/fall_title"},{"predicate":{"custom_model_data":768},"model":"mineclub/icons/envpumpkin"},{"predicate":{"custom_model_data":769},"model":"mineclub/icons/envsnow2"},{"predicate":{"custom_model_data":770},"model":"mineclub/icons/envmagical"},{"predicate":{"custom_model_data":771},"model":"mineclub/icons/envunderwater"},{"predicate":{"custom_model_data":772},"model":"mineclub/icons/envconstruction"},{"predicate":{"custom_model_data":773},"model":"mineclub/icons/envcandyland"},{"predicate":{"custom_model_data":774},"model":"mineclub/icons/envcity2"},{"predicate":{"custom_model_data":775},"model":"mineclub/icons/envship"},{"predicate":{"custom_model_data":776},"model":"mineclub/icons/envwheat"},{"predicate":{"custom_model_data":777},"model":"mineclub/furniture/2dcabinet1"},{"predicate":{"custom_model_data":778},"model":"mineclub/furniture/2dcabinet2"},{"predicate":{"custom_model_data":779},"model":"mineclub/furniture/2dcarpet1"},{"predicate":{"custom_model_data":780},"model":"mineclub/furniture/2dcarpet2"},{"predicate":{"custom_model_data":781},"model":"mineclub/furniture/2ddiningchair"},{"predicate":{"custom_model_data":782},"model":"mineclub/furniture/2ddoublebed"},{"predicate":{"custom_model_data":783},"model":"mineclub/furniture/2dgamingchair"},{"predicate":{"custom_model_data":784},"model":"mineclub/furniture/2dgamingdesk"},{"predicate":{"custom_model_data":785},"model":"mineclub/furniture/2dmirror"},{"predicate":{"custom_model_data":786},"model":"mineclub/furniture/2dmonitor"},{"predicate":{"custom_model_data":787},"model":"mineclub/furniture/2dmousekeyboard"},{"predicate":{"custom_model_data":788},"model":"mineclub/furniture/2dpc"},{"predicate":{"custom_model_data":789},"model":"mineclub/furniture/2dplant"},{"predicate":{"custom_model_data":790},"model":"mineclub/furniture/2drug1"},{"predicate":{"custom_model_data":791},"model":"mineclub/furniture/2drug2"},{"predicate":{"custom_model_data":792},"model":"mineclub/furniture/2dsinglebed"},{"predicate":{"custom_model_data":793},"model":"mineclub/furniture/2dsofacorner"},{"predicate":{"custom_model_data":794},"model":"mineclub/furniture/2dsofamiddle"},{"predicate":{"custom_model_data":795},"model":"mineclub/furniture/2dsphinx"},{"predicate":{"custom_model_data":796},"model":"mineclub/furniture/2dstove"},{"predicate":{"custom_model_data":797},"model":"mineclub/furniture/2dvintagecamera"},{"predicate":{"custom_model_data":798},"model":"mineclub/furniture/2dwardrobe"},{"predicate":{"custom_model_data":799},"model":"mineclub/furniture/2dwoodenchair"},{"predicate":{"custom_model_data":800},"model":"mineclub/furniture/2dwoodentable"},{"predicate":{"custom_model_data":801},"model":"mineclub/icons/dodgeballblue"},{"predicate":{"custom_model_data":802},"model":"mineclub/icons/dodgeballgold"},{"predicate":{"custom_model_data":803},"model":"mineclub/hats/pumpkin_beanie"},{"predicate":{"custom_model_data":804},"model":"mineclub/handheld/halloween_basket"},{"predicate":{"custom_model_data":805},"model":"mineclub/icons/2dhalloweenbeanie"},{"predicate":{"custom_model_data":806},"model":"mineclub/icons/2dhalloweenbasket"},{"predicate":{"custom_model_data":807},"model":"mineclub/icons/halloween_title"},{"predicate":{"custom_model_data":808},"model":"mineclub/furniture/atm8"},{"predicate":{"custom_model_data":809},"model":"mineclub/furniture/atm9"},{"predicate":{"custom_model_data":810},"model":"mineclub/furniture/atm10"},{"predicate":{"custom_model_data":811},"model":"mineclub/furniture/atm11"},{"predicate":{"custom_model_data":812},"model":"mineclub/furniture/atm12"},{"predicate":{"custom_model_data":813},"model":"mineclub/furniture/atm13"},{"predicate":{"custom_model_data":814},"model":"mineclub/furniture/atm14"},{"predicate":{"custom_model_data":815},"model":"mineclub/furniture/atm15"},{"predicate":{"custom_model_data":816},"model":"mineclub/furniture/atm16"},{"predicate":{"custom_model_data":817},"model":"mineclub/handheld/plushie_ghost"},{"predicate":{"custom_model_data":818},"model":"mineclub/hats/ghost_hat"},{"predicate":{"custom_model_data":819},"model":"mineclub/hats/hockey_mask"},{"predicate":{"custom_model_data":820},"model":"mineclub/handheld/knife"},{"predicate":{"custom_model_data":821},"model":"mineclub/hats/skull_mask"},{"predicate":{"custom_model_data":822},"model":"mineclub/handheld/scythe"},{"predicate":{"custom_model_data":823},"model":"mineclub/icons/2dghostplushie"},{"predicate":{"custom_model_data":824},"model":"mineclub/icons/2dghosthat"},{"predicate":{"custom_model_data":825},"model":"mineclub/icons/2dhockeymask"},{"predicate":{"custom_model_data":826},"model":"mineclub/icons/2dknife"},{"predicate":{"custom_model_data":827},"model":"mineclub/icons/2dskullmask"},{"predicate":{"custom_model_data":828},"model":"mineclub/icons/2dscythe"},{"predicate":{"custom_model_data":829},"model":"mineclub/images/banners_hangouts"},{"predicate":{"custom_model_data":830},"model":"mineclub/icons/envcastle"},{"predicate":{"custom_model_data":831},"model":"mineclub/icons/envdarkfor"},{"predicate":{"custom_model_data":832},"model":"mineclub/icons/envdinosaur"},{"predicate":{"custom_model_data":833},"model":"mineclub/icons/envfairy"},{"predicate":{"custom_model_data":834},"model":"mineclub/icons/envfish"},{"predicate":{"custom_model_data":835},"model":"mineclub/icons/envicecastle"},{"predicate":{"custom_model_data":836},"model":"mineclub/icons/envmars"},{"predicate":{"custom_model_data":837},"model":"mineclub/icons/envoriental2"},{"predicate":{"custom_model_data":838},"model":"mineclub/icons/envoriental3"},{"predicate":{"custom_model_data":839},"model":"mineclub/icons/envparis"},{"predicate":{"custom_model_data":840},"model":"mineclub/icons/envsteampunk"},{"predicate":{"custom_model_data":841},"model":"mineclub/icons/envtemple"},{"predicate":{"custom_model_data":842},"model":"mineclub/icons/envtown"},{"predicate":{"custom_model_data":843},"model":"mineclub/icons/envvines"},{"predicate":{"custom_model_data":844},"model":"mineclub/icons/envwestern2"},{"predicate":{"custom_model_data":845},"model":"mineclub/hats/bear_hat"},{"predicate":{"custom_model_data":846},"model":"mineclub/hats/dragon_hat_black"},{"predicate":{"custom_model_data":847},"model":"mineclub/hats/duck_hat"},{"predicate":{"custom_model_data":848},"model":"mineclub/hats/graduation_capv"},{"predicate":{"custom_model_data":849},"model":"mineclub/hats/lion_hat"},{"predicate":{"custom_model_data":850},"model":"mineclub/hats/pharaoh_headdress"},{"predicate":{"custom_model_data":851},"model":"mineclub/hats/potter_glasses"},{"predicate":{"custom_model_data":852},"model":"mineclub/hats/ram_hat"},{"predicate":{"custom_model_data":853},"model":"mineclub/hats/rhino_hat"},{"predicate":{"custom_model_data":854},"model":"mineclub/hats/robocop_helmet"},{"predicate":{"custom_model_data":855},"model":"mineclub/handheld/backpack"},{"predicate":{"custom_model_data":856},"model":"mineclub/handheld/bonsai_tree"},{"predicate":{"custom_model_data":857},"model":"mineclub/handheld/bookv"},{"predicate":{"custom_model_data":858},"model":"mineclub/handheld/bowling_pin"},{"predicate":{"custom_model_data":859},"model":"mineclub/handheld/cupcake"},{"predicate":{"custom_model_data":860},"model":"mineclub/handheld/drink"},{"predicate":{"custom_model_data":861},"model":"mineclub/handheld/drone"},{"predicate":{"custom_model_data":862},"model":"mineclub/handheld/genie_lamp"},{"predicate":{"custom_model_data":863},"model":"mineclub/handheld/jack_in_the_box"},{"predicate":{"custom_model_data":864},"model":"mineclub/handheld/maleficent_staff"},{"predicate":{"custom_model_data":865},"model":"mineclub/handheld/plushie_amongus_red"},{"predicate":{"custom_model_data":866},"model":"mineclub/handheld/plushie_duck"},{"predicate":{"custom_model_data":867},"model":"mineclub/handheld/pride_flag"},{"predicate":{"custom_model_data":868},"model":"mineclub/handheld/spaghetti_meatballs"},{"predicate":{"custom_model_data":869},"model":"mineclub/handheld/toy_boat"},{"predicate":{"custom_model_data":870},"model":"mineclub/handheld/toy_helicopter"},{"predicate":{"custom_model_data":871},"model":"mineclub/handheld/toy_plane"},{"predicate":{"custom_model_data":872},"model":"mineclub/handheld/vacuum"},{"predicate":{"custom_model_data":873},"model":"mineclub/handheld/vhs_tape"},{"predicate":{"custom_model_data":874},"model":"mineclub/handheld/witches_cauldron"},{"predicate":{"custom_model_data":875},"model":"mineclub/icons/2dbearhat"},{"predicate":{"custom_model_data":876},"model":"mineclub/icons/2ddragonhat"},{"predicate":{"custom_model_data":877},"model":"mineclub/icons/2dduckhat"},{"predicate":{"custom_model_data":878},"model":"mineclub/icons/2dgraduationcap"},{"predicate":{"custom_model_data":879},"model":"mineclub/icons/2dlionhat"},{"predicate":{"custom_model_data":880},"model":"mineclub/icons/2dpharoahheaddress"},{"predicate":{"custom_model_data":881},"model":"mineclub/icons/2dpotterglasses"},{"predicate":{"custom_model_data":882},"model":"mineclub/icons/2dramhat"},{"predicate":{"custom_model_data":883},"model":"mineclub/icons/2drhinohat"},{"predicate":{"custom_model_data":884},"model":"mineclub/icons/2drobocop"},{"predicate":{"custom_model_data":885},"model":"mineclub/icons/2dbackpack"},{"predicate":{"custom_model_data":886},"model":"mineclub/icons/2dbonsai"},{"predicate":{"custom_model_data":887},"model":"mineclub/icons/2dbook"},{"predicate":{"custom_model_data":888},"model":"mineclub/icons/2dbowlingpin"},{"predicate":{"custom_model_data":889},"model":"mineclub/icons/2dcupcake"},{"predicate":{"custom_model_data":890},"model":"mineclub/icons/2ddrink"},{"predicate":{"custom_model_data":891},"model":"mineclub/icons/2ddrone"},{"predicate":{"custom_model_data":892},"model":"mineclub/icons/2dgenie"},{"predicate":{"custom_model_data":893},"model":"mineclub/icons/2djackinbox"},{"predicate":{"custom_model_data":894},"model":"mineclub/icons/2dmaleficient"},{"predicate":{"custom_model_data":895},"model":"mineclub/icons/2damongusplush"},{"predicate":{"custom_model_data":896},"model":"mineclub/icons/2dduckplushie"},{"predicate":{"custom_model_data":897},"model":"mineclub/icons/2dprideflag"},{"predicate":{"custom_model_data":898},"model":"mineclub/icons/2dspaghetti"},{"predicate":{"custom_model_data":899},"model":"mineclub/icons/2dboat"},{"predicate":{"custom_model_data":900},"model":"mineclub/icons/2dhelicopter"},{"predicate":{"custom_model_data":901},"model":"mineclub/icons/2dplane"},{"predicate":{"custom_model_data":902},"model":"mineclub/icons/2dvacuum"},{"predicate":{"custom_model_data":903},"model":"mineclub/icons/2dvhs"},{"predicate":{"custom_model_data":904},"model":"mineclub/icons/2dwitchcaul"},{"predicate":{"custom_model_data":905},"model":"mineclub/items/pickaxe1"},{"predicate":{"custom_model_data":906},"model":"mineclub/items/pickaxe2"},{"predicate":{"custom_model_data":907},"model":"mineclub/items/pickaxe3"},{"predicate":{"custom_model_data":908},"model":"mineclub/items/pickaxe4"},{"predicate":{"custom_model_data":909},"model":"mineclub/items/pickaxe5"}]}