{"display":{"firstperson_lefthand":{"rotation":[70,180,0],"scale":[0,0,0],"translation":[-6,3,29.5]},"firstperson_righthand":{"rotation":[70,180,0],"scale":[0,0,0],"translation":[-6,3,29.5]},"fixed":{"rotation":[0,180,0],"scale":[1,1,1],"translation":[0,4,0]},"ground":{"rotation":[0,0,0],"scale":[0.5,0.5,0.5],"translation":[0,3,0]},"gui":{"rotation":[0,0,0],"scale":[1.7,1.7,1.7],"translation":[0,7,0]},"thirdperson_lefthand":{"rotation":[70,180,0],"scale":[2.7,2.7,2.7],"translation":[-6,3,29.5]},"thirdperson_righthand":{"rotation":[70,180,0],"scale":[2.7,2.7,2.7],"translation":[-6,3,29.5]}},"gui_light":"front","parent":"builtin/entity","textures":{"particle":"block/soul_sand"}}