{"parent":"minecraft:item/generated","textures":{"layer0":"minecraft:item/snowball"},"overrides":[{"predicate":{"custom_model_data":1},"model":"mineclub/items/dodgeballruby"},{"predicate":{"custom_model_data":2},"model":"mineclub/items/dodgeballamber"},{"predicate":{"custom_model_data":3},"model":"mineclub/items/dodgeballgold"},{"predicate":{"custom_model_data":4},"model":"mineclub/items/dodgeballemerald"},{"predicate":{"custom_model_data":5},"model":"mineclub/items/dodgeballsapphire"},{"predicate":{"custom_model_data":6},"model":"mineclub/items/dodgeballamethyst"},{"predicate":{"custom_model_data":7},"model":"mineclub/items/dodgeballlazul"},{"predicate":{"custom_model_data":8},"model":"mineclub/items/dodgeballdiamond"},{"predicate":{"custom_model_data":9},"model":"mineclub/items/dodgeballspecial"}]}