{"parent":"minecraft:block/button","textures":{"texture":"block/polished_granite"},"elements":[{"from":[0,4,0],"to":[16,4,16],"rotation":{"angle":0,"axis":"y","origin":[8,12,8]},"faces":{"north":{"uv":[0,0,16,0],"texture":"#texture"},"east":{"uv":[0,0,16,0],"texture":"#texture"},"south":{"uv":[0,0,16,0],"texture":"#texture"},"west":{"uv":[0,0,16,0],"texture":"#texture"},"up":{"uv":[0,0,8,8],"texture":"#texture"},"down":{"uv":[15.5,0,16,16],"texture":"#texture"}}},{"from":[16,0,0],"to":[16,4,16],"rotation":{"angle":0,"axis":"z","origin":[24,8,8]},"faces":{"north":{"uv":[0,0,16,0],"rotation":270,"texture":"#texture"},"east":{"uv":[0,0,2,8],"rotation":90,"texture":"#texture"},"south":{"uv":[0,0,16,0],"rotation":90,"texture":"#texture"},"west":{"uv":[15.5,0,16,16],"rotation":90,"texture":"#texture"},"up":{"uv":[0,0,16,0],"rotation":90,"texture":"#texture"},"down":{"uv":[0,0,16,0],"rotation":90,"texture":"#texture"}}},{"from":[0,0,0],"to":[16,4,0],"rotation":{"angle":0,"axis":"y","origin":[8,8,-8]},"faces":{"north":{"uv":[0,0,2,8],"rotation":90,"texture":"#texture"},"east":{"uv":[0,0,16,0],"rotation":90,"texture":"#texture"},"south":{"uv":[13,0,16,16],"rotation":90,"texture":"#texture"},"west":{"uv":[0,0,16,0],"rotation":270,"texture":"#texture"},"up":{"uv":[0,0,16,0],"texture":"#texture"},"down":{"uv":[0,0,16,0],"rotation":180,"texture":"#texture"}}},{"from":[0,0,16],"to":[16,4,16],"rotation":{"angle":0,"axis":"y","origin":[8,8,24]},"faces":{"north":{"uv":[15.5,0,16,16],"rotation":90,"texture":"#texture"},"east":{"uv":[0,0,16,0],"rotation":270,"texture":"#texture"},"south":{"uv":[0,0,2,8],"rotation":90,"texture":"#texture"},"west":{"uv":[0,0,16,0],"rotation":90,"texture":"#texture"},"up":{"uv":[0,0,16,0],"rotation":180,"texture":"#texture"},"down":{"uv":[0,0,16,0],"texture":"#texture"}}},{"from":[0,0,0],"to":[0,4,16],"rotation":{"angle":0,"axis":"y","origin":[-8,8,8]},"faces":{"north":{"uv":[0,0,16,0],"rotation":90,"texture":"#texture"},"east":{"uv":[15.5,0,16,16],"rotation":90,"texture":"#texture"},"south":{"uv":[0,0,16,0],"rotation":270,"texture":"#texture"},"west":{"uv":[0,0,2,8],"rotation":90,"texture":"#texture"},"up":{"uv":[0,0,16,0],"rotation":270,"texture":"#texture"},"down":{"uv":[0,0,16,0],"rotation":270,"texture":"#texture"}}}]}