{"variants":{"extended=false,facing=down":{"model":"minecraft:block/barrier","x":90},"extended=false,facing=east":{"model":"minecraft:block/barrier","y":90},"extended=false,facing=north":{"model":"minecraft:block/barrier"},"extended=false,facing=south":{"model":"minecraft:block/barrier","y":180},"extended=false,facing=up":{"model":"minecraft:block/barrier","x":270},"extended=false,facing=west":{"model":"minecraft:block/barrier","y":270},"extended=true,facing=down":{"model":"minecraft:block/barrier","x":90},"extended=true,facing=east":{"model":"minecraft:block/barrier","y":90},"extended=true,facing=north":{"model":"minecraft:block/barrier"},"extended=true,facing=south":{"model":"minecraft:block/barrier","y":180},"extended=true,facing=up":{"model":"minecraft:block/barrier","x":270},"extended=true,facing=west":{"model":"minecraft:block/barrier","y":270}}}