{"providers":[{"type":"ttf","file":"minecraft:ascii.ttf","shift":[0.0,0.0],"size":7.0,"oversample":1.0},{"type":"bitmap","file":"minecraft:font/ascii.png","ascent":7,"chars":["\u0000\u0000\u0000\u0000\u0000\u0000\u0000\u0000\u0000\u0000\u0000\u0000\u0000\u0000\u0000\u0000","\u0000\u0000\u0000\u0000\u0000\u0000\u0000\u0000\u0000\u0000\u0000\u0000\u0000\u0000\u0000\u0000"," !\"#$%&'()*+,-./","0123456789:;<=>?","@ABCDEFGHIJKLMNO","PQRSTUVWXYZ[\\]^_","`abcdefghijklmno","pqrstuvwxyz{|}~\u0000","\u0000\u0000\u0000\u0000\u0000\u0000\u0000\u0000\u0000\u0000\u0000\u0000\u0000\u0000\u0000\u0000","\u0000\u0000\u0000\u0000\u0000\u0000\u0000\u0000\u0000\u0000\u0000\u0000£\u0000\u0000ƒ","\u0000\u0000\u0000\u0000\u0000\u0000ªº\u0000\u0000¬\u0000\u0000\u0000«»","░▒▓│┤╡╢╖╕╣║╗╝╜╛┐","└┴┬├─┼╞╟╚╔╩╦╠═╬╧","╨╤╥╙╘╒╓╫╪┘┌█▄▌▐▀","\u0000\u0000\u0000\u0000\u0000\u0000\u0000\u0000\u0000\u0000\u0000\u0000\u0000∅∈\u0000","≡±≥≤⌠⌡÷≈°∙·√ⁿ²■\u0000"]},{"type":"bitmap","file":"mineclub:space_split.png","ascent":-32768,"height":-1,"chars":["ꈁ"]},{"type":"bitmap","file":"mineclub:space_split.png","ascent":-32768,"height":-2,"chars":["委"]},{"type":"bitmap","file":"mineclub:space_split.png","ascent":-32768,"height":-2,"chars":["麖"]},{"type":"bitmap","file":"mineclub:space_split.png","ascent":-32768,"height":-3,"chars":["ꈂ"]},{"type":"bitmap","file":"mineclub:space_split.png","ascent":-32768,"height":-4,"chars":["ꈃ"]},{"type":"bitmap","file":"mineclub:space_split.png","ascent":-32768,"height":-5,"chars":["ꈄ"]},{"type":"bitmap","file":"mineclub:space_split.png","ascent":-32768,"height":-6,"chars":["ꈅ"]},{"type":"bitmap","file":"mineclub:space_split.png","ascent":-32768,"height":-7,"chars":["ꈆ"]},{"type":"bitmap","file":"mineclub:space_split.png","ascent":-32768,"height":-8,"chars":["ꈇ"]},{"type":"bitmap","file":"mineclub:space_split.png","ascent":-32768,"height":-9,"chars":["ꈈ"]},{"type":"bitmap","file":"mineclub:space_split.png","ascent":-32768,"height":-10,"chars":["ꈉ"]},{"type":"bitmap","file":"mineclub:space_split.png","ascent":-32768,"height":-11,"chars":["久"]},{"type":"bitmap","file":"mineclub:space_split.png","ascent":-32768,"height":-10,"chars":["魉"]},{"type":"bitmap","file":"mineclub:space_split.png","ascent":-32768,"height":-12,"chars":["辆"]},{"type":"bitmap","file":"mineclub:space_split.png","ascent":-32768,"height":-13,"chars":["沩"]},{"type":"bitmap","file":"mineclub:space_split.png","ascent":-32768,"height":-16,"chars":["漷"]},{"type":"bitmap","file":"mineclub:space_split.png","ascent":-32768,"height":-17,"chars":["铒"]},{"type":"bitmap","file":"mineclub:space_split.png","ascent":-32768,"height":-18,"chars":["ꈊ"]},{"type":"bitmap","file":"mineclub:space_split.png","ascent":-32768,"height":-19,"chars":["秬"]},{"type":"bitmap","file":"mineclub:space_split.png","ascent":-32768,"height":-20,"chars":["籽"]},{"type":"bitmap","file":"mineclub:space_split.png","ascent":-32768,"height":-22,"chars":["醭"]},{"type":"bitmap","file":"mineclub:space_split.png","ascent":-32768,"height":-23,"chars":["泽"]},{"type":"bitmap","file":"mineclub:space_split.png","ascent":-32768,"height":-24,"chars":["转"]},{"type":"bitmap","file":"mineclub:space_split.png","ascent":-32768,"height":-25,"chars":["洼"]},{"type":"bitmap","file":"mineclub:space_split.png","ascent":-32768,"height":-26,"chars":["髌"]},{"type":"bitmap","file":"mineclub:space_split.png","ascent":-32768,"height":-27,"chars":["泗"]},{"type":"bitmap","file":"mineclub:space_split.png","ascent":-32768,"height":-28,"chars":["穙"]},{"type":"bitmap","file":"mineclub:space_split.png","ascent":-32768,"height":-29,"chars":["邸"]},{"type":"bitmap","file":"mineclub:space_split.png","ascent":-32768,"height":-31,"chars":["甬"]},{"type":"bitmap","file":"mineclub:space_split.png","ascent":-32768,"height":-32,"chars":["粽"]},{"type":"bitmap","file":"mineclub:space_split.png","ascent":-32768,"height":-33,"chars":["轩"]},{"type":"bitmap","file":"mineclub:space_split.png","ascent":-32768,"height":-34,"chars":["ꈋ"]},{"type":"bitmap","file":"mineclub:space_split.png","ascent":-32768,"height":-35,"chars":["乏"]},{"type":"bitmap","file":"mineclub:space_split.png","ascent":-32768,"height":-36,"chars":["袭"]},{"type":"bitmap","file":"mineclub:space_split.png","ascent":-32768,"height":-37,"chars":["说"]},{"type":"bitmap","file":"mineclub:space_split.png","ascent":-32768,"height":-40,"chars":["醋"]},{"type":"bitmap","file":"mineclub:space_split.png","ascent":-32768,"height":-41,"chars":["魋"]},{"type":"bitmap","file":"mineclub:space_split.png","ascent":-32768,"height":-42,"chars":["廋"]},{"type":"bitmap","file":"mineclub:space_split.png","ascent":-32768,"height":-43,"chars":["镕"]},{"type":"bitmap","file":"mineclub:space_split.png","ascent":-32768,"height":-44,"chars":["糠"]},{"type":"bitmap","file":"mineclub:space_split.png","ascent":-32768,"height":-45,"chars":["稿"]},{"type":"bitmap","file":"mineclub:space_split.png","ascent":-32768,"height":-46,"chars":["配"]},{"type":"bitmap","file":"mineclub:space_split.png","ascent":-32768,"height":-47,"chars":["丸"]},{"type":"bitmap","file":"mineclub:space_split.png","ascent":-32768,"height":-49,"chars":["蝻"]},{"type":"bitmap","file":"mineclub:space_split.png","ascent":-32768,"height":-50,"chars":["膑"]},{"type":"bitmap","file":"mineclub:space_split.png","ascent":-32768,"height":-51,"chars":["滍"]},{"type":"bitmap","file":"mineclub:space_split.png","ascent":-32768,"height":-52,"chars":["稆"]},{"type":"bitmap","file":"mineclub:space_split.png","ascent":-32768,"height":-53,"chars":["镲"]},{"type":"bitmap","file":"mineclub:space_split.png","ascent":-32768,"height":-54,"chars":["拿"]},{"type":"bitmap","file":"mineclub:space_split.png","ascent":-32768,"height":-55,"chars":["鹅"]},{"type":"bitmap","file":"mineclub:space_split.png","ascent":-32768,"height":-56,"chars":["丢"]},{"type":"bitmap","file":"mineclub:space_split.png","ascent":-32768,"height":-57,"chars":["瓜"]},{"type":"bitmap","file":"mineclub:space_split.png","ascent":-32768,"height":-58,"chars":["糯"]},{"type":"bitmap","file":"mineclub:space_split.png","ascent":-32768,"height":-60,"chars":["魁"]},{"type":"bitmap","file":"mineclub:space_split.png","ascent":-32768,"height":-61,"chars":["簏"]},{"type":"bitmap","file":"mineclub:space_split.png","ascent":-32768,"height":-64,"chars":["升"]},{"type":"bitmap","file":"mineclub:space_split.png","ascent":-32768,"height":-65,"chars":["晕"]},{"type":"bitmap","file":"mineclub:space_split.png","ascent":-32768,"height":-66,"chars":["ꈌ"]},{"type":"bitmap","file":"mineclub:space_split.png","ascent":-32768,"height":-67,"chars":["鸱"]},{"type":"bitmap","file":"mineclub:space_split.png","ascent":-32768,"height":-68,"chars":["粞"]},{"type":"bitmap","file":"mineclub:space_split.png","ascent":-32768,"height":-70,"chars":["疕"]},{"type":"bitmap","file":"mineclub:space_split.png","ascent":-32768,"height":-72,"chars":["楂"]},{"type":"bitmap","file":"mineclub:space_split.png","ascent":-32768,"height":-73,"chars":["笞"]},{"type":"bitmap","file":"mineclub:space_split.png","ascent":-32768,"height":-74,"chars":["砫"]},{"type":"bitmap","file":"mineclub:space_split.png","ascent":-32768,"height":-75,"chars":["膛"]},{"type":"bitmap","file":"mineclub:space_split.png","ascent":-32768,"height":-79,"chars":["馈"]},{"type":"bitmap","file":"mineclub:space_split.png","ascent":-32768,"height":-80,"chars":["鼫"]},{"type":"bitmap","file":"mineclub:space_split.png","ascent":-32768,"height":-83,"chars":["龟"]},{"type":"bitmap","file":"mineclub:space_split.png","ascent":-32768,"height":-84,"chars":["廒"]},{"type":"bitmap","file":"mineclub:space_split.png","ascent":-32768,"height":-85,"chars":["婪"]},{"type":"bitmap","file":"mineclub:space_split.png","ascent":-32768,"height":-88,"chars":["镝"]},{"type":"bitmap","file":"mineclub:space_split.png","ascent":-32768,"height":-89,"chars":["愆"]},{"type":"bitmap","file":"mineclub:space_split.png","ascent":-32768,"height":-89,"chars":["棽"]},{"type":"bitmap","file":"mineclub:space_split.png","ascent":-32768,"height":-90,"chars":["所"]},{"type":"bitmap","file":"mineclub:space_split.png","ascent":-32768,"height":-91,"chars":["鱼"]},{"type":"bitmap","file":"mineclub:space_split.png","ascent":-32768,"height":-93,"chars":["饻"]},{"type":"bitmap","file":"mineclub:space_split.png","ascent":-32768,"height":-94,"chars":["砗"]},{"type":"bitmap","file":"mineclub:space_split.png","ascent":-32768,"height":-96,"chars":["超"]},{"type":"bitmap","file":"mineclub:space_split.png","ascent":-32768,"height":-99,"chars":["笸"]},{"type":"bitmap","file":"mineclub:space_split.png","ascent":-32768,"height":-100,"chars":["劬"]},{"type":"bitmap","file":"mineclub:space_split.png","ascent":-32768,"height":-102,"chars":["棘"]},{"type":"bitmap","file":"mineclub:space_split.png","ascent":-32768,"height":-103,"chars":["鲁"]},{"type":"bitmap","file":"mineclub:space_split.png","ascent":-32768,"height":-104,"chars":["爷"]},{"type":"bitmap","file":"mineclub:space_split.png","ascent":-32768,"height":-106,"chars":["钪"]},{"type":"bitmap","file":"mineclub:space_split.png","ascent":-32768,"height":-110,"chars":["域"]},{"type":"bitmap","file":"mineclub:space_split.png","ascent":-32768,"height":-111,"chars":["汉"]},{"type":"bitmap","file":"mineclub:space_split.png","ascent":-32768,"height":-112,"chars":["镦"]},{"type":"bitmap","file":"mineclub:space_split.png","ascent":-32768,"height":-113,"chars":["丫"]},{"type":"bitmap","file":"mineclub:space_split.png","ascent":-32768,"height":-114,"chars":["策"]},{"type":"bitmap","file":"mineclub:space_split.png","ascent":-32768,"height":-115,"chars":["租"]},{"type":"bitmap","file":"mineclub:space_split.png","ascent":-32768,"height":-116,"chars":["稠"]},{"type":"bitmap","file":"mineclub:space_split.png","ascent":-32768,"height":-117,"chars":["稻"]},{"type":"bitmap","file":"mineclub:space_split.png","ascent":-32768,"height":-118,"chars":["铰"]},{"type":"bitmap","file":"mineclub:space_split.png","ascent":-32768,"height":-119,"chars":["铍"]},{"type":"bitmap","file":"mineclub:space_split.png","ascent":-32768,"height":-120,"chars":["镞"]},{"type":"bitmap","file":"mineclub:space_split.png","ascent":-32768,"height":-123,"chars":["人"]},{"type":"bitmap","file":"mineclub:space_split.png","ascent":-32768,"height":-124,"chars":["替"]},{"type":"bitmap","file":"mineclub:space_split.png","ascent":-32768,"height":-125,"chars":["疒"]},{"type":"bitmap","file":"mineclub:space_split.png","ascent":-32768,"height":-127,"chars":["垿"]},{"type":"bitmap","file":"mineclub:space_split.png","ascent":-32768,"height":-128,"chars":["梾"]},{"type":"bitmap","file":"mineclub:space_split.png","ascent":-32768,"height":-130,"chars":["ꈍ"]},{"type":"bitmap","file":"mineclub:space_split.png","ascent":-32768,"height":-131,"chars":["懋"]},{"type":"bitmap","file":"mineclub:space_split.png","ascent":-32768,"height":-132,"chars":["奋"]},{"type":"bitmap","file":"mineclub:space_split.png","ascent":-32768,"height":-134,"chars":["瑬"]},{"type":"bitmap","file":"mineclub:space_split.png","ascent":-32768,"height":-135,"chars":["肤"]},{"type":"bitmap","file":"mineclub:space_split.png","ascent":-32768,"height":-140,"chars":["程"]},{"type":"bitmap","file":"mineclub:space_split.png","ascent":-32768,"height":-141,"chars":["磉"]},{"type":"bitmap","file":"mineclub:space_split.png","ascent":-32768,"height":-148,"chars":["暿"]},{"type":"bitmap","file":"mineclub:space_split.png","ascent":-32768,"height":-150,"chars":["飗"]},{"type":"bitmap","file":"mineclub:space_split.png","ascent":-32768,"height":-153,"chars":["毪"]},{"type":"bitmap","file":"mineclub:space_split.png","ascent":-32768,"height":-155,"chars":["轵"]},{"type":"bitmap","file":"mineclub:space_split.png","ascent":-32768,"height":-157,"chars":["浬"]},{"type":"bitmap","file":"mineclub:space_split.png","ascent":-32768,"height":-158,"chars":["腒"]},{"type":"bitmap","file":"mineclub:space_split.png","ascent":-32768,"height":-159,"chars":["侣"]},{"type":"bitmap","file":"mineclub:space_split.png","ascent":-32768,"height":-160,"chars":["骷"]},{"type":"bitmap","file":"mineclub:space_split.png","ascent":-32768,"height":-162,"chars":["淟"]},{"type":"bitmap","file":"mineclub:space_split.png","ascent":-32768,"height":-165,"chars":["千"]},{"type":"bitmap","file":"mineclub:space_split.png","ascent":-32768,"height":-166,"chars":["貉"]},{"type":"bitmap","file":"mineclub:space_split.png","ascent":-32768,"height":-167,"chars":["陇"]},{"type":"bitmap","file":"mineclub:space_split.png","ascent":-32768,"height":-168,"chars":["鲌"]},{"type":"bitmap","file":"mineclub:space_split.png","ascent":-32768,"height":-169,"chars":["砵"]},{"type":"bitmap","file":"mineclub:space_split.png","ascent":-32768,"height":-170,"chars":["蚯"]},{"type":"bitmap","file":"mineclub:space_split.png","ascent":-32768,"height":-171,"chars":["涞"]},{"type":"bitmap","file":"mineclub:space_split.png","ascent":-32768,"height":-173,"chars":["轮"]},{"type":"bitmap","file":"mineclub:space_split.png","ascent":-32768,"height":-174,"chars":["晌"]},{"type":"bitmap","file":"mineclub:space_split.png","ascent":-32768,"height":-175,"chars":["邿"]},{"type":"bitmap","file":"mineclub:space_split.png","ascent":-32768,"height":-177,"chars":["勹"]},{"type":"bitmap","file":"mineclub:space_split.png","ascent":-32768,"height":-178,"chars":["夐"]},{"type":"bitmap","file":"mineclub:space_split.png","ascent":-32768,"height":-179,"chars":["暝"]},{"type":"bitmap","file":"mineclub:space_split.png","ascent":-32768,"height":-185,"chars":["赳"]},{"type":"bitmap","file":"mineclub:space_split.png","ascent":-32768,"height":-186,"chars":["盩"]},{"type":"bitmap","file":"mineclub:space_split.png","ascent":-32768,"height":-187,"chars":["墘"]},{"type":"bitmap","file":"mineclub:space_split.png","ascent":-32768,"height":-189,"chars":["饼"]},{"type":"bitmap","file":"mineclub:space_split.png","ascent":-32768,"height":-190,"chars":["包"]},{"type":"bitmap","file":"mineclub:space_split.png","ascent":-32768,"height":-192,"chars":["貌"]},{"type":"bitmap","file":"mineclub:space_nosplit.png","ascent":-32768,"height":-193,"chars":["糈"]},{"type":"bitmap","file":"mineclub:space_split.png","ascent":-32768,"height":-198,"chars":["疍"]},{"type":"bitmap","file":"mineclub:space_split.png","ascent":-32768,"height":-200,"chars":["饮"]},{"type":"bitmap","file":"mineclub:space_split.png","ascent":-32768,"height":-207,"chars":["体"]},{"type":"bitmap","file":"mineclub:space_nosplit.png","ascent":-32768,"height":-211,"chars":["糅"]},{"type":"bitmap","file":"mineclub:space_split.png","ascent":-32768,"height":-216,"chars":["愕"]},{"type":"bitmap","file":"mineclub:space_split.png","ascent":-32768,"height":-223,"chars":["求"]},{"type":"bitmap","file":"mineclub:space_split.png","ascent":-32768,"height":-226,"chars":["敷"]},{"type":"bitmap","file":"mineclub:space_split.png","ascent":-32768,"height":-258,"chars":["ꈎ"]},{"type":"bitmap","file":"mineclub:space_split.png","ascent":-32768,"height":-514,"chars":["ꌁ"]},{"type":"bitmap","file":"mineclub:space_split.png","ascent":-32768,"height":-790,"chars":["洱"]},{"type":"bitmap","file":"mineclub:space_split.png","ascent":-32768,"height":-1026,"chars":["ꌂ"]},{"type":"bitmap","file":"mineclub:space_split.png","ascent":-65536,"height":-32770,"chars":["ꌃ"]},{"type":"bitmap","file":"mineclub:space_split.png","ascent":-32768,"height":0,"chars":["ꌄ"]},{"type":"bitmap","file":"mineclub:space_split.png","ascent":-32768,"height":1,"chars":["ꌅ"]},{"type":"bitmap","file":"mineclub:space_split.png","ascent":-32768,"height":2,"chars":["ꌆ"]},{"type":"bitmap","file":"mineclub:space_split.png","ascent":-32768,"height":3,"chars":["香"]},{"type":"bitmap","file":"mineclub:space_split.png","ascent":-32768,"height":4,"chars":["ꌈ"]},{"type":"bitmap","file":"mineclub:space_split.png","ascent":-32768,"height":5,"chars":["ꌉ"]},{"type":"bitmap","file":"mineclub:space_split.png","ascent":-32768,"height":6,"chars":["ꌋ"]},{"type":"bitmap","file":"mineclub:space_split.png","ascent":-32768,"height":7,"chars":["ꌌ"]},{"type":"bitmap","file":"mineclub:space_split.png","ascent":-32768,"height":8,"chars":["晖"]},{"type":"bitmap","file":"mineclub:space_split.png","ascent":-32768,"height":9,"chars":["腈"]},{"type":"bitmap","file":"mineclub:space_split.png","ascent":-32768,"height":10,"chars":["殷"]},{"type":"bitmap","file":"mineclub:space_split.png","ascent":-32768,"height":11,"chars":["钵"]},{"type":"bitmap","file":"mineclub:space_split.png","ascent":-32768,"height":12,"chars":["麒"]},{"type":"bitmap","file":"mineclub:space_split.png","ascent":-32768,"height":13,"chars":["谣"]},{"type":"bitmap","file":"mineclub:space_split.png","ascent":-32768,"height":14,"chars":["馃"]},{"type":"bitmap","file":"mineclub:space_split.png","ascent":-32768,"height":15,"chars":["麈"]},{"type":"bitmap","file":"mineclub:space_split.png","ascent":-32768,"height":15,"chars":["ꌍ"]},{"type":"bitmap","file":"mineclub:space_split.png","ascent":-32768,"height":16,"chars":["鼬"]},{"type":"bitmap","file":"mineclub:space_split.png","ascent":-32768,"height":17,"chars":["诐"]},{"type":"bitmap","file":"mineclub:space_split.png","ascent":-32768,"height":18,"chars":["棼"]},{"type":"bitmap","file":"mineclub:space_split.png","ascent":-32768,"height":19,"chars":["鹘"]},{"type":"bitmap","file":"mineclub:space_split.png","ascent":-32768,"height":20,"chars":["犟"]},{"type":"bitmap","file":"mineclub:space_split.png","ascent":-32768,"height":21,"chars":["顼"]},{"type":"bitmap","file":"mineclub:space_split.png","ascent":-32768,"height":22,"chars":["钜"]},{"type":"bitmap","file":"mineclub:space_split.png","ascent":-32768,"height":23,"chars":["铎"]},{"type":"bitmap","file":"mineclub:space_split.png","ascent":-32768,"height":24,"chars":["伴"]},{"type":"bitmap","file":"mineclub:space_split.png","ascent":-32768,"height":25,"chars":["夤"]},{"type":"bitmap","file":"mineclub:space_split.png","ascent":-32768,"height":27,"chars":["疱"]},{"type":"bitmap","file":"mineclub:space_split.png","ascent":-32768,"height":29,"chars":["祯"]},{"type":"bitmap","file":"mineclub:space_split.png","ascent":-32768,"height":30,"chars":["鸲"]},{"type":"bitmap","file":"mineclub:space_split.png","ascent":-32768,"height":31,"chars":["ꌎ"]},{"type":"bitmap","file":"mineclub:space_split.png","ascent":-32768,"height":37,"chars":["臭"]},{"type":"bitmap","file":"mineclub:space_nosplit.png","ascent":-32768,"height":38,"chars":["糖"]},{"type":"bitmap","file":"mineclub:space_split.png","ascent":-32768,"height":40,"chars":["诅"]},{"type":"bitmap","file":"mineclub:space_split.png","ascent":-32768,"height":44,"chars":["孟"]},{"type":"bitmap","file":"mineclub:space_split.png","ascent":-32768,"height":54,"chars":["脒"]},{"type":"bitmap","file":"mineclub:space_split.png","ascent":-32768,"height":56,"chars":["郎"]},{"type":"bitmap","file":"mineclub:space_split.png","ascent":-32768,"height":63,"chars":["ꌏ"]},{"type":"bitmap","file":"mineclub:space_split.png","ascent":-32768,"height":95,"chars":["犁"]},{"type":"bitmap","file":"mineclub:space_split.png","ascent":-32768,"height":100,"chars":["糊"]},{"type":"bitmap","file":"mineclub:space_split.png","ascent":-32768,"height":101,"chars":["铑"]},{"type":"bitmap","file":"mineclub:space_split.png","ascent":-32768,"height":105,"chars":["癃"]},{"type":"bitmap","file":"mineclub:space_split.png","ascent":-32768,"height":114,"chars":["硅"]},{"type":"bitmap","file":"mineclub:space_split.png","ascent":-32768,"height":122,"chars":["痪"]},{"type":"bitmap","file":"mineclub:space_split.png","ascent":-32768,"height":124,"chars":["锗"]},{"type":"bitmap","file":"mineclub:space_split.png","ascent":-32768,"height":127,"chars":["ꌐ"]},{"type":"bitmap","file":"mineclub:space_split.png","ascent":-32768,"height":130,"chars":["禘"]},{"type":"bitmap","file":"mineclub:space_split.png","ascent":-32768,"height":145,"chars":["囱"]},{"type":"bitmap","file":"mineclub:space_split.png","ascent":-32768,"height":156,"chars":["笯"]},{"type":"bitmap","file":"mineclub:space_split.png","ascent":-32768,"height":180,"chars":["清"]},{"type":"bitmap","file":"mineclub:space_split.png","ascent":-32768,"height":182,"chars":["皂"]},{"type":"bitmap","file":"mineclub:space_split.png","ascent":-32768,"height":192,"chars":["启"]},{"type":"bitmap","file":"mineclub:space_split.png","ascent":-32768,"height":255,"chars":["ꌑ"]},{"type":"bitmap","file":"mineclub:space_split.png","ascent":-32768,"height":511,"chars":["ꌒ"]},{"type":"bitmap","file":"mineclub:space_split.png","ascent":-32768,"height":1023,"chars":["ꌓ"]},{"type":"bitmap","file":"mineclub:space_split.png","ascent":-65536,"height":32767,"chars":["ꌔ"]},{"type":"bitmap","file":"mineclub:space_nosplit.png","ascent":-32768,"height":-3,"chars":["ꌕ"]},{"type":"bitmap","file":"mineclub:space_nosplit.png","ascent":-32768,"height":-110,"chars":["婆"]},{"type":"bitmap","file":"mineclub:space_nosplit.png","ascent":-32768,"height":-4,"chars":["ꌖ"]},{"type":"bitmap","file":"mineclub:space_nosplit.png","ascent":-32768,"height":-5,"chars":["ꌗ"]},{"type":"bitmap","file":"mineclub:space_nosplit.png","ascent":-32768,"height":-6,"chars":["ꌘ"]},{"type":"bitmap","file":"mineclub:space_nosplit.png","ascent":-32768,"height":-7,"chars":["ꌙ"]},{"type":"bitmap","file":"mineclub:space_nosplit.png","ascent":-32768,"height":-8,"chars":["ꌚ"]},{"type":"bitmap","file":"mineclub:space_nosplit.png","ascent":-32768,"height":-9,"chars":["ꌛ"]},{"type":"bitmap","file":"mineclub:space_nosplit.png","ascent":-32768,"height":-10,"chars":["ꌜ"]},{"type":"bitmap","file":"mineclub:space_nosplit.png","ascent":-32768,"height":-12,"chars":["扌"]},{"type":"bitmap","file":"mineclub:space_nosplit.png","ascent":-32768,"height":-18,"chars":["ꌝ"]},{"type":"bitmap","file":"mineclub:space_nosplit.png","ascent":-32768,"height":-34,"chars":["ꌞ"]},{"type":"bitmap","file":"mineclub:space_nosplit.png","ascent":-32768,"height":-66,"chars":["ꌟ"]},{"type":"bitmap","file":"mineclub:space_split.png","ascent":-32768,"height":-80,"chars":["汀"]},{"type":"bitmap","file":"mineclub:space_nosplit.png","ascent":-32768,"height":-130,"chars":["ꌠ"]},{"type":"bitmap","file":"mineclub:space_nosplit.png","ascent":-32768,"height":-258,"chars":["ꌡ"]},{"type":"bitmap","file":"mineclub:space_nosplit.png","ascent":-32768,"height":-514,"chars":["ꌢ"]},{"type":"bitmap","file":"mineclub:space_nosplit.png","ascent":-32768,"height":-1026,"chars":["ꌣ"]},{"type":"bitmap","file":"mineclub:space_nosplit.png","ascent":-65536,"height":-32770,"chars":["ꌤ"]},{"type":"bitmap","file":"mineclub:space_nosplit.png","ascent":-32768,"height":0,"chars":["ꌥ"]},{"type":"bitmap","file":"mineclub:space_nosplit.png","ascent":-32768,"height":1,"chars":["ꌦ"]},{"type":"bitmap","file":"mineclub:space_nosplit.png","ascent":-32768,"height":2,"chars":["ꌧ"]},{"type":"bitmap","file":"mineclub:space_nosplit.png","ascent":-32768,"height":3,"chars":["ꌨ"]},{"type":"bitmap","file":"mineclub:space_nosplit.png","ascent":-32768,"height":4,"chars":["ꌩ"]},{"type":"bitmap","file":"mineclub:space_nosplit.png","ascent":-32768,"height":5,"chars":["ꌪ"]},{"type":"bitmap","file":"mineclub:space_nosplit.png","ascent":-32768,"height":6,"chars":["ꌫ"]},{"type":"bitmap","file":"mineclub:space_nosplit.png","ascent":-32768,"height":7,"chars":["ꌬ"]},{"type":"bitmap","file":"mineclub:space_nosplit.png","ascent":-32768,"height":15,"chars":["ꌭ"]},{"type":"bitmap","file":"mineclub:space_nosplit.png","ascent":-32768,"height":31,"chars":["ꌮ"]},{"type":"bitmap","file":"mineclub:space_nosplit.png","ascent":-32768,"height":63,"chars":["ꌯ"]},{"type":"bitmap","file":"mineclub:space_split.png","ascent":-32768,"height":70,"chars":["洌"]},{"type":"bitmap","file":"mineclub:space_split.png","ascent":-32768,"height":125,"chars":["渌"]},{"type":"bitmap","file":"mineclub:space_nosplit.png","ascent":-32768,"height":127,"chars":["ꌰ"]},{"type":"bitmap","file":"mineclub:space_split.png","ascent":-32768,"height":190,"chars":["溺"]},{"type":"bitmap","file":"mineclub:space_nosplit.png","ascent":-32768,"height":255,"chars":["ꌱ"]},{"type":"bitmap","file":"mineclub:space_nosplit.png","ascent":-32768,"height":511,"chars":["ꌲ"]},{"type":"bitmap","file":"mineclub:space_nosplit.png","ascent":-32768,"height":1023,"chars":["ꌳ"]},{"type":"bitmap","file":"mineclub:space_nosplit.png","ascent":-65536,"height":32767,"chars":["ꌴ"]},{"type":"bitmap","file":"mineclub/emojis/emojis.png","ascent":7,"height":8,"chars":["ꌵꌶꌷꌸꌹ臜爟灿辉煓耀数舡舾舸艋","ꌺꌻꌼꌽꌾ胝爅烟煨焯煺熵艇舲艅舴","ꌿꍀꍁꍂꍃ胍炷炕炆熥熇焞舱虒舭鸼","ꍄꍅꍆꍇꍈ脾爙燧焙炫土埘咎篙舠艉","ꍉꍊꍋꍌ섰舀声坦垾堤埸堨簇笠艨艏","ꍍꍎꍏꍐꍑ腴塌垠墁冉堋埒艚舢篱航","ꍒꍓꍔꍕꍖ膊壳觳悫坥壸垌舫舻艟舷","ꍗꍘꍙꍚꍛ朘壹垺坝坰壶坍戈、丶良","ꍜꍝꍞꍟꍠ脏赫赭郝赦坋赧宀塱鵏郙","ꍡꍢꍣꍤꍥ脯丧增啬赪坡榖能翩廞床","鄀鄁鄂鄐鄑胈寺块瞽墚馨鼙术麻糜黁","鄒鄓鄔鄕鄖胧磬罄謦埫縠垙麽麾魔靡","鄗鄘鄙鄚鄿脉款垱圭堎墙封磨摩书縻","縢塍螣腾媵消垚邽恚卦垧垍昶盚皴姿","肚氍貔腯貊盍墦坂垎塮圲塅裘禔视祖","貆肌冗股貅埌埵圻垢甏坼垛禅社祾祛","豹胜貂貘见圹圫埠坻坬埤去禧卬睾鷭"]},{"type":"bitmap","file":"mineclub/emojis/emojis.png","ascent":8,"height":8,"chars":["烽脎然肱肽网少煌燠烅省燔篾箩箅粤","刚腌胯胰军肋烙烀熘煅劣炘鄱鹠翻臼","胁肿朓腓刖胂熄烁熜烺焌炉盥身舆叟","且肛囗臑胚县煸煽熔烤煊烷歃臾舄舁","肝爰助删具肟烧煳尖烠瞥燎鼠舅忄昝","朊雎同膈豚冢尜煃氅烯鳖憋舥舰盘艄","冠膘腼腰冤孚蹩弊炼烛烑焖舶艎舨篷","腱脆肷胫膙肠烜烦兴焐灯炣般船簉艘","贝赗腹赐肭赒炳炻光熛焕燏舣舵笾舯","赑赠财赕贩赂焰烶烻炊烃炀螽舳祈祋","胗贬赙赃贼贱雀燋焓炌爚烩祗祇祓禛","赇贻赌贮赎贿烨熻炸炝灼炮祜祐祧神","则脍脸祭赈腧炖半眷桊叛判应祆祏福","赋赡脞罂败赊豢鲞拳炜券翷禋祢祁弋","胣购账贶胙赆卷粼誊焆炽燥祃祚祕鲶","赚婴贴赔赅脂燀当熠烬炬焗禊祷鮡鮀","胀朐胞肫胸用烘爔煤烂煁烊祸祀粥鰊"]},{"type":"bitmap","file":"mineclub/icons/speech.png","ascent":8,"height":8,"chars":["谿"]},{"type":"bitmap","file":"mineclub/icons/error_mark.png","ascent":7,"height":7,"chars":["膣冈鏻鎓矣耩"]},{"type":"bitmap","file":"mineclub/titles/partyban.png","ascent":7,"height":7,"chars":["戎"]},{"type":"bitmap","file":"mineclub/titles/title_5ch.png","ascent":7,"height":7,"chars":["ꑝꑝꑝꑝꑝꑝ","ꑝꑝꑝꑝꑝꑝ","ꑝꑝꑝꑝꑝꑝ","ꑝ篚ꑝꑝꑝꑝ","ꑝꑝꑝꑝꑝꑝ","ꑝꑝꑝꑝꑝꑝ"]},{"type":"bitmap","file":"mineclub/icons/9xdia.png","ascent":8,"height":9,"chars":["钤"]},{"type":"bitmap","file":"mineclub/titles/banners.png","ascent":7,"height":7,"chars":["선","섙","석","섟","서","섞","酵","섡","셇","앒","섛","섚","앓","鄎","鄏","鄋","賸","滕","鉮","쐆","뜅","뜆","뜇","뜈","뜉","뜊","뜋","뜌","솂","木","杳","鐩","榅","楣","醮","酶","骎","鲟"]},{"type":"bitmap","file":"mineclub/titles/title_ico.png","ascent":7,"height":7,"chars":["솁뜖솣솊솗솑솠솢솔솓솉솦솏솋뜗솖솆솕","뜘손솤뜛뜙뜚속솄솇송솅소솃솧솘솙뜝솨","솥뜜솞솎솈솟睽瞪睁瞿睢矍瞧睑盷盹鹞睛","眠瞩眍眶瞒瞄朏鼎眦瞳ꑝ妥奚鹦胭胛爵腘","腮丹腿膪膀鄫ꑝ彤ꑝ肮肪脐胩腋胪写臆脑","臃胲膻金甑渗幸敌瑞璀瑑瑙理珚瓃璨琡琉","쌆쌈쐂쌇쐁凛珫玟斑琏玼琂琗琥璩玷琼瓖","玙璇璋璲琎璃玹璮瓌瓋厂原巩邪雅餮鸦叆","至魂厌ꑝꑝꑝꑝꑝꑝꑝꑝꑝꑝꑝꑝꑝꑝꑝ","鳟懂鳒鲻ꑝꑝꑝꑝꑝꑝꑝꑝꑝꑝꑝꑝꑝꑝ","捱捯扞掭抚捂振打拓扼撅表素摽纛ꑝꑝꑝ","毒挽换拯扭揉扔掐专捅抒撖挺搦揆揳ꑝꑝ","ꑝꑝꑝꑝꑝꑝꑝꑝꑝꑝꑝꑝꑝꑝꑝꑝꑝꑝ","ꑝꑝꑝꑝꑝꑝꑝꑝꑝꑝꑝꑝꑝꑝꑝꑝꑝꑝ","ꑝꑝꑝꑝꑝꑝꑝꑝꑝꑝꑝꑝꑝꑝꑝꑝꑝꑝ","ꑝꑝꑝꑝꑝꑝꑝꑝꑝꑝꑝꑝꑝꑝꑝꑝꑝꑝ","ꑝꑝꑝꑝꑝꑝꑝꑝꑝꑝꑝꑝꑝꑝꑝꑝꑝꑝ","ꑝꑝꑝꑝꑝꑝꑝꑝꑝꑝꑝꑝꑝꑝꑝꑝꑝꑝ"]},{"type":"bitmap","file":"mineclub/titles/title_ico_tab.png","ascent":7,"height":7,"chars":["彳得爬很衢徂徭彼符徕衍徜待街徒徨循役","瓞徼筏衠德徛筱徘律籥筌衎签行鸻答衙征","篌衡酂径徐御衔徇篯彻笮徉徽徵微媭後徊","往彷衒徙乇昏筷笏剩筚ꑝ笣印牛筢犋看掰","籍箨牡特牿牲ꑝ牦ꑝ我犏牻犊牯筹犄生箐","牺牾箦拜犍失牧鹄厨元厦鼋巧亏丁殂殍銎","筘箍箝毛牥冖殚烈型殪歼殊殁歹残殆殖殡","邛殃蛩列顶殛邒殄殓殇死恐殉可殒跫殣裂","仄丙觋ꑝꑝꑝꑝꑝꑝꑝꑝꑝꑝꑝꑝꑝꑝꑝ","酡悔耦耪ꑝꑝꑝꑝꑝꑝꑝꑝꑝꑝꑝꑝꑝꑝ","踅搁抽抻拽誓扛青攉责摴擂麦抔抨ꑝꑝꑝ","鳌奉聱挟嶅拣晢扪揽帮蜇拂挑排哲捣ꑝꑝ","ꑝꑝꑝꑝꑝꑝꑝꑝꑝꑝꑝꑝꑝꑝꑝꑝꑝꑝ","ꑝꑝꑝꑝꑝꑝꑝꑝꑝꑝꑝꑝꑝꑝꑝꑝꑝꑝ","ꑝꑝꑝꑝꑝꑝꑝꑝꑝꑝꑝꑝꑝꑝꑝꑝꑝꑝ","ꑝꑝꑝꑝꑝꑝꑝꑝꑝꑝꑝꑝꑝꑝꑝꑝꑝꑝ","ꑝꑝꑝꑝꑝꑝꑝꑝꑝꑝꑝꑝꑝꑝꑝꑝꑝꑝ","ꑝꑝꑝꑝꑝꑝꑝꑝꑝꑝꑝꑝꑝꑝꑝꑝꑝꑝ"]},{"type":"bitmap","file":"mineclub/ui/housing/confhousing.png","ascent":-60,"height":14,"chars":["挎","执"]},{"type":"bitmap","file":"mineclub/ui/housing/leavehome.png","ascent":-59,"height":16,"chars":["孑"]},{"type":"bitmap","file":"mineclub/ui/housing/homebutton.png","ascent":-59,"height":16,"chars":["俱","侗","俘","肉","傺","侧","佣","傒","佾","俗","份","僧","休","叙","煲","馄","馒","馉","馁","馇","馌","饷","饭","饹"]},{"type":"bitmap","file":"mineclub/ui/final_lock.png","ascent":32,"height":32,"chars":["섋섌섍섎섓"]},{"type":"bitmap","file":"mineclub:minecoin_numbers.png","ascent":-55,"height":22,"chars":["성섲섳섴섵섶섷세섹셀"]},{"type":"bitmap","file":"mineclub/ui/login.png","ascent":42,"height":160,"chars":["庳"]},{"type":"bitmap","file":"mineclub/ui/gemsdealer/arrowgems.png","ascent":-79,"height":12,"chars":["凰飚殳凤"]},{"type":"bitmap","file":"mineclub:minecoin_numbers.png","ascent":-14,"height":8,"chars":["飕凡风筵第颓箓夙飏簦"]},{"type":"bitmap","file":"mineclub:minecoin_comma.png","ascent":-14,"height":8,"chars":["飑"]},{"type":"bitmap","file":"mineclub/ui/inventory_scroll.png","ascent":-12,"height":55,"chars":["洣瀵潾溇淡沙洸泮圣瀔酯酏酌酲面"]},{"type":"bitmap","file":"mineclub/ui/mobile_phone/friends_scroll.png","ascent":-10,"height":57,"chars":["腺脓豺胳滇浡溹溶渤潮觯觖觫觥堕觟觚奂觭勇触负觞隳恿鹬角解"]},{"type":"bitmap","file":"mineclub/ui/mobile_phone/friends_scroll.png","ascent":-28,"height":57,"chars":["ꑝꑝꑝꑝ擦攮撺控挖技ꑝꑝꑝꑝꑝꑝꑝꑝꑝꑝꑝꑝꑝꑝꑝꑝꑝꑝ"]},{"type":"bitmap","file":"mineclub/titles/dmtitle.png","ascent":7,"height":7,"chars":["忧慵慷匀怡憾悈惦慎悖忮悰愃惋愭鸨怙愤憭恢匆怖肄惰疑惭孔孩剥亟丞烝卺尔鰶鯻"]},{"type":"bitmap","file":"mineclub/ui/view_profile/numbervalue.png","ascent":14,"height":15,"chars":["忑醯醉醵醇醅醨下焉正"]},{"type":"bitmap","file":"mineclub/ui/view_profile/commavalue.png","ascent":13,"height":15,"chars":["丐"]},{"type":"bitmap","file":"mineclub:minecoin_comma.png","ascent":-10,"height":8,"chars":["뜤"]},{"type":"bitmap","file":"mineclub:minecoin_numbers.png","ascent":-10,"height":8,"chars":["뜥뜦뜧뜨뜩뜪뜫뜬뜭뜮"]},{"type":"bitmap","file":"mineclub:premium_numbers.png","ascent":-28,"height":8,"chars":["颂瓮翁鋐郸冁父爸斧釜爹兮弟"]},{"type":"bitmap","file":"mineclub:minecoin_hud_comma.png","ascent":-28,"height":8,"chars":["뜯"]},{"type":"bitmap","file":"mineclub:minecoin_numbers.png","ascent":-27,"height":8,"chars":["뜰뜱띀띁띂띃섁섂섃섄"]},{"type":"bitmap","file":"mineclub/icons/gem_1ui.png","ascent":-36,"height":8,"chars":["씂"]},{"type":"bitmap","file":"mineclub/icons/gem_1val.png","ascent":14,"height":30,"chars":["免孤"]},{"type":"bitmap","file":"mineclub:minecoin_numbers.png","ascent":-33,"height":8,"chars":["埼垮埭圳赤垏坤垣堧毂"]},{"type":"bitmap","file":"mineclub:minecoin_hud_comma.png","ascent":-34,"height":8,"chars":["坞"]},{"type":"bitmap","file":"mineclub:minecoin_numbers.png","ascent":-3,"height":8,"chars":["桴僰樱相枣朳松枍梯棁"]},{"type":"bitmap","file":"mineclub:minecoin_numbers.png","ascent":-27,"height":8,"chars":["镟铲锌镱锫镜铉年傣俦"]},{"type":"bitmap","file":"mineclub:minecoin_comma.png","ascent":-28,"height":8,"chars":["俸"]},{"type":"bitmap","file":"mineclub:realm_logo.png","ascent":40,"height":120,"chars":["섏섐","섑섒"]},{"type":"bitmap","file":"mineclub:realm_logo.png","ascent":32,"height":80,"chars":["셚셙","션셗"]},{"type":"bitmap","file":"mineclub/icons/14xico.png","ascent":8,"height":9,"chars":["埴셆鸹筥允成庥玗磴礓小尕弨弭刍孕玸"]},{"type":"bitmap","file":"mineclub/icons/7xico.png","ascent":7,"height":8,"chars":["邹雏急戤皱"]},{"type":"bitmap","file":"mineclub/icons/tabicon.png","ascent":8,"height":9,"chars":["瀱洇漍涸섔섕"]},{"type":"bitmap","file":"mineclub/ui/hudtimer.png","ascent":0,"height":15,"chars":["溚","洋","溠","灌","洴","汫","湴","溯","滋","漕","澧","汕","鎏","漴","汹","湍"]},{"type":"bitmap","file":"mineclub/ui/hudstart.png","ascent":0,"height":15,"chars":["溦","漼","涔","汝","潍","洳","淄","沺","渭","反","夂","条","槃","箔","簿"]},{"type":"bitmap","file":"mineclub/ui/hudstart.png","ascent":-5,"height":15,"chars":["辑","轫","轺","辄","辗","轧","辎","辙","较","ꑝ","ꑝ","ꑝ","ꑝ","ꑝ","辏"]},{"type":"bitmap","file":"mineclub/ui/hudtimer.png","ascent":-5,"height":15,"chars":["痼","痹","瘰","疰","疵","瘁","瘀","瘴","癔","痃","中","丨","旧","袒","裼","褐"]},{"type":"bitmap","file":"mineclub/ui/eventxpbar.png","ascent":-36,"height":5,"chars":["鋆圩","坏坪","坯堐","塬垤","坜埂","坛圬","圢坷","塥垭","堙堍","埆圾","彀埇","埏坎","场趄","趟堆","趱坽","趑埝","越赵","赶趔","圪堠","趋趁","垲坳","堟埋","毐堌","堽塄","坶塝","盐墒","塆墩","坑坊","堉坟","垯埗","址走","墟坫","壕壤","垆垃","培境","垴垓","竹丿","白馧","皭泉"]},{"type":"bitmap","file":"mineclub/ui/xpbar.png","ascent":-36,"height":5,"chars":["趯"]},{"type":"bitmap","file":"mineclub/ui/hudheart.png","ascent":8,"height":9,"chars":["沼臧醚胥钲怊"]},{"type":"bitmap","file":"mineclub/ui/hudicons.png","ascent":-25,"height":11,"chars":["涡","湣","澡","汜","泯","浞","渠","涮"]},{"type":"bitmap","file":"mineclub/ui/hudiconslobby.png","ascent":-30,"height":12,"chars":["螫","却"]},{"type":"bitmap","file":"mineclub/ui/tabletop/rematch.png","ascent":-46,"height":16,"chars":["掏","批","揩"]},{"type":"bitmap","file":"mineclub:space_split.png","ascent":-32768,"height":-17,"chars":["指"]},{"type":"bitmap","file":"mineclub:space_split.png","ascent":-32768,"height":29,"chars":["掬"]},{"type":"bitmap","file":"mineclub/games/dodgeball/heart.png","ascent":-30,"height":12,"chars":["仕"]},{"type":"bitmap","file":"mineclub/games/dodgeball/ksnum.png","ascent":7,"height":8,"chars":["钇铯锰钮铭铤键锕钌钦"]},{"type":"bitmap","file":"mineclub:space_split.png","ascent":-32768,"height":-162,"chars":["倦"]},{"type":"bitmap","file":"mineclub/ui/notifications/announce_frame.png","ascent":6,"height":40,"chars":["逗"]},{"type":"bitmap","file":"mineclub/ui/notifications/notifications.png","ascent":6,"height":40,"chars":["祺酵永皛鄆","ꑝ栅测懑溅","逘這澴敉分","通鄃虢艮鄄","鄅郯曏揪讦"]},{"type":"bitmap","file":"mineclub/ui/chatsmall1.png","ascent":7,"height":9,"chars":["陀","骐","珨","隔","际","愠","惺","慨","怛","悍"]},{"type":"bitmap","file":"mineclub/ui/chatsmall2.png","ascent":7,"height":9,"chars":["陈","鲯","玱","隐","阢","侃","龛","颔","颌","俣"]},{"type":"bitmap","file":"mineclub/ui/chatsmall3.png","ascent":7,"height":8,"chars":["阵","鳠","珣","除","队","倩","傃","债","俵","传"]},{"type":"bitmap","file":"mineclub/ui/chatsmall4.png","ascent":8,"height":8,"chars":["隋","鲜","瑟","陶","险","伟","傲","智","盒","保"]},{"type":"bitmap","file":"mineclub/icons/message_icon.png","ascent":8,"height":9,"chars":["逑"]},{"type":"bitmap","file":"mineclub/ui/crates/crate_animate.png","ascent":-12,"height":44,"chars":["腑","悬","腻","胎","臁"]},{"type":"bitmap","file":"mineclub/ui/market/market_scroll.png","ascent":-27,"height":59,"chars":["滴滦洨湙湾滚扶撵扣挹"]},{"type":"bitmap","file":"mineclub/ui/market/themes_scroll.png","ascent":-29,"height":76,"chars":["孺眢弢勉頠怨"]},{"type":"bitmap","file":"mineclub/ui/crates/crate_n.png","ascent":-80,"height":16,"chars":["息"]},{"type":"bitmap","file":"mineclub/ui/crates/crate_c.png","ascent":-80,"height":16,"chars":["鬼"]},{"type":"bitmap","file":"mineclub/ui/crates/crate_r.png","ascent":-80,"height":16,"chars":["臬"]},{"type":"bitmap","file":"mineclub/ui/crates/crate_e.png","ascent":-47,"height":16,"chars":["毯"]},{"type":"bitmap","file":"mineclub/ui/crates/crate_m.png","ascent":-47,"height":16,"chars":["毳"]},{"type":"bitmap","file":"mineclub/items/premium_token.png","ascent":-47,"height":16,"chars":["氇"]},{"type":"bitmap","file":"mineclub/ui/market/mkt_list_off.png","ascent":-97,"height":14,"chars":["씘","씗"]},{"type":"bitmap","file":"mineclub/ui/market/mkt_list_off.png","ascent":-95,"height":14,"chars":["笃","飔"]},{"type":"bitmap","file":"mineclub/ui/market/listingsbutton.png","ascent":-94,"height":16,"chars":["颡","漆"]},{"type":"bitmap","file":"mineclub/ui/menu_titles/menu_titles.png","ascent":19,"height":20,"chars":["앗","았","앙","앚","앛","앜","앝","앞","앟","애","액","앢","앣","雕","앥","앦","憩","앨","앩","逅","逆","逇","逈","狝","逊"]},{"type":"bitmap","file":"mineclub/ui/announce_bars/announce_bars.png","ascent":9,"height":16,"chars":["逸","逹","逺","逼","逽","庾"]},{"type":"bitmap","file":"mineclub/ui/mobile_phone/request_buttons.png","ascent":-61,"height":15,"chars":["庄","庱","庤","戊","酢"]},{"type":"bitmap","file":"mineclub/ui/party/party_people.png","ascent":-4,"height":72,"chars":["欻氆"]},{"type":"bitmap","file":"mineclub/ui/party/party_chat.png","ascent":-4,"height":17,"chars":["箬","簧","廆"]},{"type":"bitmap","file":"mineclub/ui/party/party_games.png","ascent":-22,"height":17,"chars":["腭","尘","废"]},{"type":"bitmap","file":"mineclub/ui/party/party_invite.png","ascent":-40,"height":17,"chars":["凸","祊"]},{"type":"bitmap","file":"mineclub/ui/party/party_create.png","ascent":-58,"height":17,"chars":["皿","豸"]},{"type":"bitmap","file":"mineclub:space_split.png","ascent":-32768,"height":-172,"chars":["毽"]},{"type":"bitmap","file":"mineclub:space_split.png","ascent":-32768,"height":-90,"chars":["鼻"]},{"type":"bitmap","file":"mineclub/ui/view_profile/theme_sprite.png","ascent":-9,"height":60,"chars":["汈漏淠糍颉皖鳐鲏","浸濯溷娄埚皋驵鲖","洭渥泅料堰帛鳗鲷","漻浔涠喆喜座鳎鲃"]},{"type":"bitmap","file":"mineclub/ui/view_profile/profile_ui_overlay.png","ascent":-4,"height":72,"chars":["潺浕笼埙"]},{"type":"bitmap","file":"mineclub/ui/view_profile/button_icons.png","ascent":-6,"height":66,"chars":["泥澼氾漠"]},{"type":"bitmap","file":"mineclub/ui/view_profile/title_sprite.png","ascent":-9,"height":12,"chars":["溁","潆","滢","潵","湔","濛","涝","洪","潽","澌","洄","精","粪","糕","糒","袁","嚭","熹","墀","嘉","皇","箕","毵","恣","驭","鳁","鲥","鲫","鳀","弼","鲲"]},{"type":"bitmap","file":"mineclub/ui/view_profile/price_sprite.png","ascent":-38,"height":9,"chars":["渼竽","濭筑","漭毁","滞甡","潢竿","渶斤","潇筻","泔竺","满筇","淇筮","潩惩","焱后","燊卮","爃笄","燚簪","劼篥","埕簟","圯甥","埽斥","憙几","馥飓","鼹鼷","戍戌","咨鹒","鳈鳇","稣鳅","鲦骆","骝鳤","骄鲘","鲧骢","鲵骏"]},{"type":"bitmap","file":"mineclub/ui/view_profile/button_sprite.png","ascent":-58,"height":17,"chars":["溢","港","漾"]},{"type":"bitmap","file":"mineclub/ui/mobile_phone/settings_private.png","ascent":-4,"height":17,"chars":["明","曝","晘","彩"]},{"type":"bitmap","file":"mineclub/ui/mobile_phone/settings_private.png","ascent":-22,"height":17,"chars":["暧","暖","冒","肘"]},{"type":"bitmap","file":"mineclub/ui/mobile_phone/settings_private.png","ascent":-40,"height":17,"chars":["盟","杲","晰","郛"]},{"type":"bitmap","file":"mineclub/ui/mobile_phone/settings_private.png","ascent":-58,"height":17,"chars":["曌","时","暕","膝"]},{"type":"bitmap","file":"mineclub/ui/mobile_phone/settings_icons.png","ascent":-4,"height":72,"chars":["乳炙堵垸"]},{"type":"bitmap","file":"mineclub/ui/mobile_phone/z_off.png","ascent":-19,"height":4,"chars":["眉","昄","曛","昴","剔","昕","星","旵","暾"]},{"type":"bitmap","file":"mineclub/ui/mobile_phone/z_on.png","ascent":-19,"height":4,"chars":["昳","昇","昂","晷","旷","晙","晟","曦","鹖"]},{"type":"bitmap","file":"mineclub/ui/mobile_phone/z_pending.png","ascent":-19,"height":4,"chars":["晡","昽","既","昈","即","昪","早","郿","脚"]},{"type":"bitmap","file":"mineclub/ui/mobile_phone/z_request.png","ascent":-19,"height":4,"chars":["碚","万","豕","励","劢","虿","鄠","趸","厄"]},{"type":"bitmap","file":"mineclub/ui/mobile_phone/z_off.png","ascent":-37,"height":4,"chars":["昧","暑","暄","晓","晏","晞","旯","暨","昉"]},{"type":"bitmap","file":"mineclub/ui/mobile_phone/z_on.png","ascent":-37,"height":4,"chars":["映","堲","晁","旦","晅","晒","旴","暵","曙"]},{"type":"bitmap","file":"mineclub/ui/mobile_phone/z_pending.png","ascent":-37,"height":4,"chars":["旺","戥","晊","旱","旰","昊","昙","鱀","周"]},{"type":"bitmap","file":"mineclub/ui/mobile_phone/z_request.png","ascent":-37,"height":4,"chars":["开","厝","亚","严","厮","形","豉","豌","刑"]},{"type":"bitmap","file":"mineclub/ui/mobile_phone/z_off.png","ascent":-55,"height":4,"chars":["晤","晨","昃","昺","量","是","晚","塈","旻"]},{"type":"bitmap","file":"mineclub/ui/mobile_phone/z_on.png","ascent":-55,"height":4,"chars":["冕","闉","暌","旸","昣","昤","晗","曔","曼"]},{"type":"bitmap","file":"mineclub/ui/mobile_phone/z_pending.png","ascent":-55,"height":4,"chars":["旿","题","匙","晔","韪","昨","晦","鹛","臌"]},{"type":"bitmap","file":"mineclub/ui/mobile_phone/z_request.png","ascent":-55,"height":4,"chars":["剅","豇","邢","厥","兀","夏","戛","奡","虺"]},{"type":"bitmap","file":"mineclub/ui/mobile_phone/z_off.png","ascent":-73,"height":4,"chars":["易","昒","昀","暅","昆","鹍","昫","勖","胠"]},{"type":"bitmap","file":"mineclub/ui/mobile_phone/z_on.png","ascent":-73,"height":4,"chars":["曷","暳","晴","照","煦","冔","暇","巴","晫"]},{"type":"bitmap","file":"mineclub/ui/mobile_phone/z_pending.png","ascent":-73,"height":4,"chars":["昭","最","曜","昵","晪","显","暴","岊","膨"]},{"type":"bitmap","file":"mineclub/ui/mobile_phone/z_request.png","ascent":-73,"height":4,"chars":["顽","鹴","匚","牙","辱","蜃","顾","瓦","互"]},{"type":"bitmap","file":"mineclub:frame_color.png","ascent":7,"height":7,"chars":["섆"]},{"type":"bitmap","file":"mineclub/titles/voice-icon.png","ascent":8,"height":9,"chars":["鄍"]},{"type":"bitmap","file":"mineclub/titles/voice-icon.png","ascent":7,"height":7,"chars":["觱"]},{"type":"bitmap","file":"mineclub/ui/black_box.png","ascent":250,"height":2000,"chars":["鄜"]},{"type":"bitmap","file":"mineclub/ui/red_box.png","ascent":250,"height":2000,"chars":["或"]},{"type":"bitmap","file":"mineclub/images/holograms/activewager.png","ascent":67,"height":80,"chars":["景"]},{"type":"bitmap","file":"mineclub/images/holograms/wager_1.png","ascent":28,"height":35,"chars":["腥"]},{"type":"bitmap","file":"mineclub/images/holograms/wager_5.png","ascent":28,"height":35,"chars":["幂"]},{"type":"bitmap","file":"mineclub/images/holograms/wager_25.png","ascent":28,"height":35,"chars":["胆"]},{"type":"bitmap","file":"mineclub/images/holograms/wager_100.png","ascent":28,"height":35,"chars":["肥"]},{"type":"bitmap","file":"mineclub/images/holograms/wager_1000.png","ascent":28,"height":35,"chars":["冥"]},{"type":"bitmap","file":"mineclub/images/holograms/wager_comma.png","ascent":25,"height":26,"chars":["晾"]},{"type":"bitmap","file":"mineclub/images/holograms/wager_numbers.png","ascent":25,"height":26,"chars":["曩暶昱暗曈暲昡晐月腽"]},{"type":"bitmap","file":"mineclub/icons/staff_token_1.png","ascent":8,"height":9,"chars":["恳"]},{"type":"bitmap","file":"mineclub/icons/newplayer.png","ascent":8,"height":9,"chars":["蝙"]},{"type":"bitmap","file":"mineclub/ui/crates/crate_r_chat.png","ascent":7,"height":7,"chars":["泂"]},{"type":"bitmap","file":"mineclub/ui/crates/crate_e_chat.png","ascent":7,"height":7,"chars":["泪"]},{"type":"bitmap","file":"mineclub/ui/crates/crate_m_chat.png","ascent":7,"height":7,"chars":["灈"]},{"type":"bitmap","file":"mineclub/items/premium_token_chat.png","ascent":8,"height":9,"chars":["濉"]},{"type":"bitmap","file":"mineclub/images/exit_screen.png","ascent":128,"height":256,"chars":["胖"]},{"type":"bitmap","file":"mineclub/ui/game_bars/bar_parts.png","ascent":10,"height":27,"chars":["曾单兽"]},{"type":"bitmap","file":"mineclub/ui/announce_bars/annouce_numbers.png","ascent":8,"height":8,"chars":["材彬梵村麓樊攀禁梦郴楚"]},{"type":"bitmap","file":"mineclub/icons/teams_9x.png","ascent":8,"height":9,"chars":["楠植榕榨枝橞杖楮"]},{"type":"bitmap","file":"mineclub/icons/team_icons_chat.png","ascent":7,"height":7,"chars":["橑栋椅","整慭朸","枷束予","致玫玠","玡甄琀","珷琢ꑝ"]},{"type":"bitmap","file":"mineclub:space_split.png","ascent":-32768,"height":-107,"chars":["墡"]},{"type":"bitmap","file":"mineclub/images/spawnsign1.png","ascent":20,"height":96,"chars":["氏氐"]},{"type":"bitmap","file":"mineclub/images/spawnsign1.png","ascent":250,"height":388,"chars":["温灏"]},{"type":"bitmap","file":"mineclub/images/spawnsign1.png","ascent":350,"height":578,"chars":["浮漈"]},{"type":"bitmap","file":"mineclub/ui/mobile_phone/games.png","ascent":-8,"height":29,"chars":["磷砂豮攻豨劂","巫两雁鹀武石"]},{"type":"bitmap","file":"mineclub/ui/mobile_phone/games.png","ascent":-43,"height":29,"chars":["碍碣硍硼碉砚","砠硐磜碴破砄"]},{"type":"bitmap","file":"mineclub/images/lobbysigns.png","ascent":31,"height":95,"chars":["璪","璐","湄","噩","帆"]},{"type":"bitmap","file":"mineclub/ui/crates/crate_states.png","ascent":-96,"height":14,"chars":["观","滔","浑","沮","湲","洞"]},{"type":"bitmap","file":"mineclub/images/welcome_main.png","ascent":46,"height":232,"chars":["씍腊"]},{"type":"bitmap","file":"mineclub/images/holograms/spring_event.png","ascent":-700,"height":140,"chars":["馞"]},{"type":"bitmap","file":"mineclub/images/holograms/easter_event_sel.png","ascent":30,"height":150,"chars":["筝"]},{"type":"bitmap","file":"mineclub/images/holograms/signframe.png","ascent":40,"height":150,"chars":["垕","舐"]},{"type":"bitmap","file":"mineclub/games/parkourtag/overtime.png","ascent":12,"height":13,"chars":["箱"]},{"type":"bitmap","file":"mineclub/games/parkourtag/arrowpt.png","ascent":-25,"height":11,"chars":["簃躺筶筅彡躲躴笑ꑝ","笊须躬黎笙笔躯卯ꑝ","孵卵篼留黧篦篪么ꑝ","筤簠魍魈箴魃魆笺ꑝ","笨秤秆季称秀移邾稳"]},{"type":"bitmap","file":"mineclub/games/parkourtag/tabicons.png","ascent":8,"height":9,"chars":["穰穜穟务磐冬处黏灬","筲乎筠筜愁壬等熏筀"]},{"type":"bitmap","file":"mineclub/games/teamspt.png","ascent":-26,"height":9,"chars":["税箖渍","秣释潜","秋稍呇","秒稑浥","穑秸涓","穆秾涢","秃乘渑","釉秭潞"]},{"type":"bitmap","file":"mineclub/games/teamsnoxp.png","ascent":-32,"height":9,"chars":["镳","铽","镰","镀","钺","华","针","镇"]},{"type":"bitmap","file":"mineclub/games/teamsnoxp.png","ascent":-26,"height":9,"chars":["榘","仞","佴","倻","倨","伊","伛","侵"]},{"type":"bitmap","file":"mineclub/ui/hudheart.png","ascent":-32,"height":9,"chars":["铐锭镓庑钙忉"]},{"type":"bitmap","file":"mineclub/ui/hudicons.png","ascent":-25,"height":11,"chars":["稚","稔","稌","悉","秘","秕","和","积"]},{"type":"bitmap","file":"mineclub/images/holograms/clubs.png","ascent":-900,"height":240,"chars":["榱皦魄"]},{"type":"bitmap","file":"mineclub/images/holograms/clubs.png","ascent":-620,"height":240,"chars":["皓檩檀"]},{"type":"bitmap","file":"mineclub/games/battlebox/howtoplay.png","ascent":50,"height":340,"chars":["沁"]},{"type":"bitmap","file":"mineclub/games/battlebox/sidebargreen.png","ascent":-63,"height":96,"chars":["洵","池","酷","酰"]},{"type":"bitmap","file":"mineclub/games/battlebox/sidebarblue.png","ascent":-149,"height":96,"chars":["柒","泌","覆","酿"]},{"type":"bitmap","file":"mineclub/games/battlebox/sidebarred.png","ascent":-235,"height":96,"chars":["沕","淴","酸","醾"]},{"type":"bitmap","file":"mineclub/games/battlebox/sidebaryellow.png","ascent":-321,"height":96,"chars":["湉","汋","酺","酬"]},{"type":"bitmap","file":"mineclub/games/battlebox/kitbb.png","ascent":-63,"height":384,"chars":["掩"]},{"type":"bitmap","file":"mineclub/games/battlebox/kitbb2.png","ascent":-244,"height":192,"chars":["捺"]},{"type":"bitmap","file":"mineclub/games/battlebox/kitbb1.png","ascent":-63,"height":192,"chars":["奏"]},{"type":"bitmap","file":"mineclub/games/battlebox/arrow.png","ascent":-63,"height":192,"chars":["湑","澛","洑","酹","酮","贾"]},{"type":"bitmap","file":"mineclub/games/battlebox/crossbow.png","ascent":-235,"height":192,"chars":["澄","溆","滫"]},{"type":"bitmap","file":"mineclub/games/battlebox/new.png","ascent":-63,"height":192,"chars":["寿","泰","熬","ꑝ","ꑝ","ꑝ"]},{"type":"bitmap","file":"mineclub/games/battlebox/new.png","ascent":-245,"height":192,"chars":["ꑝ","ꑝ","ꑝ","秦","舂","獒"]},{"type":"bitmap","file":"mineclub/games/battlebox/health.png","ascent":-53,"height":192,"chars":["泾","渔","浛","酚","栗","酎"]},{"type":"bitmap","file":"mineclub/games/battlebox/knockback.png","ascent":-225,"height":192,"chars":["涨","泠","浟"]},{"type":"bitmap","file":"mineclub/games/sapphire.png","ascent":43,"height":250,"chars":["濮","洢","沲","渝","涂","潋","瀹","汔"]},{"type":"bitmap","file":"mineclub/icons/team_icons.png","ascent":20,"height":70,"chars":["渰浍沦","沧浜洽","汽海ꑝ"]},{"type":"bitmap","file":"mineclub/images/selector/selectorimages.png","ascent":54,"height":325,"chars":["重ꑝ","ꑝꑝ","ꑝꑝ","夭ꑝ"]},{"type":"bitmap","file":"mineclub/images/selector/select.png","ascent":64,"height":325,"chars":["簝","准"]},{"type":"bitmap","file":"mineclub/images/selector/selectorimages.png","ascent":24,"height":325,"chars":["ꑝꑝ","颀ꑝ","箫ꑝ","ꑝꑝ"]},{"type":"bitmap","file":"mineclub/images/selector/select.png","ascent":34,"height":325,"chars":["简","笛"]},{"type":"bitmap","file":"mineclub/images/selector/selectorimages.png","ascent":55,"height":325,"chars":["ꑝ欣","ꑝ爪","ꑝ篑","ꑝꑝ"]},{"type":"bitmap","file":"mineclub/images/selector/select.png","ascent":65,"height":325,"chars":["斶","笫"]},{"type":"bitmap","file":"mineclub/images/selector/selnew.png","ascent":92,"height":327,"chars":["镈ꑝꑝꑝ","铖倾ꑝꑝ","钱ꑝꑝꑝ","铺钘ꑝꑝ"]},{"type":"bitmap","file":"mineclub/images/selector/selnewsel.png","ascent":102,"height":326,"chars":["饫铏","饥镢","饿镖","馊镡"]},{"type":"bitmap","file":"mineclub/images/selector/selnew.png","ascent":65,"height":327,"chars":["ꑝꑝ僇ꑝ","ꑝꑝ伺僻","ꑝꑝ怎ꑝ","ꑝꑝ伲仓"]},{"type":"bitmap","file":"mineclub/images/selector/selnewsel.png","ascent":75,"height":326,"chars":["缺舞","供佯","偌儆","偡僔"]},{"type":"bitmap","file":"mineclub/images/selector/selnewdia.png","ascent":36,"height":327,"chars":["罅ꑝꑝꑝ","似俚ꑝꑝ","敏ꑝꑝꑝ","倞停ꑝꑝ"]},{"type":"bitmap","file":"mineclub/images/selector/selnewseldia.png","ascent":46,"height":326,"chars":["偲儡","每仆","侪企","信佧"]},{"type":"bitmap","file":"mineclub/images/selector/selnewdia.png","ascent":61,"height":327,"chars":["ꑝꑝ禽ꑝ","ꑝꑝ依仿","ꑝꑝ偶ꑝ","ꑝꑝ儇偎"]},{"type":"bitmap","file":"mineclub/images/selector/selnewseldia.png","ascent":71,"height":326,"chars":["伭毓","心搔","儴位","僮倍"]},{"type":"bitmap","file":"mineclub/images/selector/time.png","ascent":-286,"height":28,"chars":["杵","稙","稹","嵇","稽","秫","稂","私","稗","秩","穄","榷","椎","榫","柃","枚","柿","樋","槁","杭","椒","榜","棹","楩","栓","柱","校","桢","朴","桧","梌","ꑝ"]},{"type":"bitmap","file":"mineclub/images/selector/time.png","ascent":-258,"height":28,"chars":["ꑝ","ꑝ","ꑝ","ꑝ","ꑝ","ꑝ","ꑝ","ꑝ","ꑝ","ꑝ","ꑝ","ꑝ","ꑝ","ꑝ","ꑝ","ꑝ","ꑝ","ꑝ","ꑝ","ꑝ","ꑝ","ꑝ","ꑝ","ꑝ","ꑝ","ꑝ","ꑝ","ꑝ","ꑝ","ꑝ","ꑝ","篢"]},{"type":"bitmap","file":"mineclub/images/selector/time.png","ascent":-248,"height":28,"chars":["螵","蝰","裤","蛱","蛳","蚰","虹","丬","蠕","蚲","螈","蚋","蝮","蚂","蚓","蟓","蛲","蛄","蝴","蜒","蜓","蛹","蜢","虸","蟾","虷","蛎","蚵","蛃","蝠","蚜","ꑝ"]},{"type":"bitmap","file":"mineclub/images/selector/timedblt.png","ascent":-228,"height":28,"chars":["铊","铙","钴","铵","铕","镣","铩","钛","锛","钸","锜","偬","铗","钟","铿","钔","钏","锵","铫","钊","镄","锏","锎","镧","铀","镭","钚","钰","铘","铚","铻","贸"]},{"type":"bitmap","file":"mineclub/images/selector/time.png","ascent":-273,"height":28,"chars":["慬","懵","袅","愔","憧","恼","忙","懔","忭","手","揾","挥","援","静","摇","撄","耖","披","耗","耱","抹","抉","耰","耘","耨","耔","耠","耜","耤","耢","耕",""]},{"type":"bitmap","file":"mineclub/images/selector/seloutline.png","ascent":80,"height":104,"chars":["忺","憕","ꑝ","ꑝ"]},{"type":"bitmap","file":"mineclub/images/selector/seloutline.png","ascent":-350,"height":104,"chars":["ꑝ","ꑝ","摊","麹"]},{"type":"bitmap","file":"mineclub/images/selector/tabletopsel.png","ascent":80,"height":150,"chars":["携拎","ꑝꑝ","ꑝꑝ","ꑝꑝ"]},{"type":"bitmap","file":"mineclub/images/selector/tabletopselsel.png","ascent":90,"height":150,"chars":["推","拊"]},{"type":"bitmap","file":"mineclub/images/selector/tabletopsel.png","ascent":60,"height":150,"chars":["ꑝꑝ","ꑝꑝ","ꑝꑝ","拴拾"]},{"type":"bitmap","file":"mineclub/images/selector/tabletopselsel.png","ascent":70,"height":150,"chars":["拖","抡"]},{"type":"bitmap","file":"mineclub/images/selector/tabletopsel.png","ascent":40,"height":150,"chars":["ꑝꑝ","ꑝꑝ","辇揄","ꑝꑝ"]},{"type":"bitmap","file":"mineclub/images/selector/tabletopselsel.png","ascent":50,"height":150,"chars":["揿","拃"]},{"type":"bitmap","file":"mineclub/images/selector/tabletopsel.png","ascent":20,"height":150,"chars":["ꑝꑝ","捻捡","ꑝꑝ","ꑝꑝ"]},{"type":"bitmap","file":"mineclub/images/selector/tabletopselsel.png","ascent":30,"height":150,"chars":["抢","擒"]},{"type":"bitmap","file":"mineclub/images/selector/globesbb.png","ascent":-379,"height":56,"chars":["撑","搅","掞","搂"]},{"type":"bitmap","file":"mineclub/images/selector/trophies.png","ascent":-290,"height":56,"chars":["抄括","拌插","挡契","擞挢","持掀","挂抓","ꑝꑝ","ꑝꑝ","ꑝꑝ","ꑝꑝ"]},{"type":"bitmap","file":"mineclub/images/selector/trophies.png","ascent":-256,"height":56,"chars":["ꑝꑝ","ꑝꑝ","ꑝꑝ","ꑝꑝ","ꑝꑝ","ꑝꑝ","拮播","撷扳","拍扦","攥捶"]},{"type":"bitmap","file":"mineclub/images/selector/tournament.png","ascent":-291,"height":56,"chars":["折"]},{"type":"bitmap","file":"mineclub/ui/view_profile/view_profile_friends.png","ascent":15,"height":15,"chars":["湜"]},{"type":"bitmap","file":"mineclub/ui/view_profile/view_profile_numbers.png","ascent":15,"height":15,"chars":["混渴溻湿瀑艰漫溟淝淜滑"]},{"type":"bitmap","file":"mineclub/ui/market/market_icons.png","ascent":-95,"height":16,"chars":["淫浫滘亻币禹衅簕钹"]},{"type":"bitmap","file":"mineclub/ui/market/mkt_text.png","ascent":13,"height":15,"chars":["涑","濑","漱","齉","齄","篮","瘩","痒","砣","硗","笥","敫","蚀","怄","惬","怩","世","惜","贳"]},{"type":"bitmap","file":"mineclub/ui/lores/accent_lore.png","ascent":17,"height":32,"chars":["法溘洁澎澍泊湟澳洫洎浓潲湫浰潘涤浲洚洛烫浩洗泖滗派溜泛洙","活沃沂没沨沿鲨挲涐湃溵激溴濞娑泺泜溲潟裟戏叉浪溥浚沭沇浅"]},{"type":"bitmap","file":"mineclub/ui/lores/apos.png","ascent":17,"height":32,"chars":["漯淖澈浈"]},{"type":"bitmap","file":"mineclub/ui/chatrooms/chattitle.png","ascent":19,"height":20,"chars":["冱"]},{"type":"bitmap","file":"mineclub/ui/effectsbar.png","ascent":13,"height":256,"chars":["盏"]},{"type":"bitmap","file":"mineclub/ui/chatrooms/joinchat.png","ascent":-60,"height":14,"chars":["冽"]},{"type":"bitmap","file":"mineclub/ui/chatrooms/chattop.png","ascent":3,"height":57,"chars":["冲"]},{"type":"bitmap","file":"mineclub/games/barsw.png","ascent":-32,"height":9,"chars":["勚邨","愎恺","惟乌","憔甸","怜悃","忤悝","忡惯","怏愣","忱悼","悭恔","怫慥","愦訇","悱悴","悯惇","恒惊","懦枭","顷鸟","恓凫","怀岛","怦捏","恹蠢","恸担","鸵捍","怃提","悟揭","邬撮","匐把","鹱授","慄靓","愐探","怔捋","忆靛","懈拥","慊攫","慌扒","屯扮","匈掸","刨耒","惴揸","顿耙","擤攒","撬抵","絜抑","扺捭","搜搬","搋找","扩搏","贽热","焘垫"]},{"type":"bitmap","file":"mineclub/titles/gem_name.png","ascent":7,"height":8,"chars":["舔","劄","刮","甜","乱","笤","醐","酞","醢","阳","旬"]},{"type":"bitmap","file":"mineclub/icons/2dall.png","ascent":-46,"height":15,"chars":["瀣淑注沆濒淯流汶ꑝꑝꑝꑝꑝꑝꑝꑝ","滧济浏涟涉沚泚瀛ꑝꑝꑝꑝꑝꑝꑝꑝ","淬液滹澽滤沾淳渟ꑝꑝꑝꑝꑝꑝꑝꑝ","濠瀼泸游漩淤泣潼ꑝꑝꑝꑝꑝꑝꑝꑝ","漳涪漓澭泫澶汴火ꑝꑝꑝꑝꑝꑝꑝꑝ","煋炟焊焜爆熳煜肖ꑝꑝꑝꑝꑝꑝꑝꑝ","泶喾燃削尝烔学鲎ꑝꑝꑝꑝꑝꑝꑝꑝ","敞鹡尚炯赏棠堂党ꑝꑝꑝꑝꑝꑝꑝꑝ","牚掌裳黉峃爝烿脊ꑝꑝꑝꑝꑝꑝꑝꑝ","誉米粑粗粉粕糗糌ꑝꑝꑝꑝꑝꑝꑝꑝ","糁浐煴觉敝常举粮ꑝꑝꑝꑝꑝꑝꑝꑝ","ꑝꑝꑝꑝꑝꑝꑝꑝꑝꑝꑝꑝꑝꑝꑝꑝ","ꑝꑝꑝꑝꑝꑝꑝꑝꑝꑝꑝꑝꑝꑝꑝꑝ","ꑝꑝꑝꑝꑝꑝꑝꑝꑝꑝꑝꑝꑝꑝꑝꑝ","ꑝꑝꑝꑝꑝꑝꑝꑝꑝꑝꑝꑝꑝꑝꑝꑝ","ꑝꑝꑝꑝꑝꑝꑝꑝꑝꑝꑝꑝꑝꑝꑝꑝ","ꑝꑝꑝꑝꑝꑝꑝꑝꑝꑝꑝꑝꑝꑝꑝꑝ"]},{"type":"bitmap","file":"mineclub/ui/6slotuis.png","ascent":19,"height":133,"chars":["盆鉊岔贫忿","掣箸髃歇逵","鼢馝的骜篝","씖암脖씓압","씔씕颁邠服","廨瘕蝶酾色","弸弹锩饲马","馍铟钾ꑝꑝ"]},{"type":"bitmap","file":"mineclub/ui/4slotuis.png","ascent":19,"height":103,"chars":["邝卑鄌瓁","垅囟鄇燹","城鼩晱赝","乐鄛셕弓","씅脶欢帕","暻朗痤降","隤弪承ꑝ"]},{"type":"bitmap","file":"mineclub/ui/tabletop/numbers.png","ascent":-18,"height":8,"chars":["退送适逃逄逿逛逜逝逞"]},{"type":"bitmap","file":"mineclub/ui/tabletop/semicolon.png","ascent":-18,"height":8,"chars":["速"]},{"type":"bitmap","file":"mineclub/ui/tabletop/queue_sprites.png","ascent":-31,"height":29,"chars":["垒","廊","庞"]},{"type":"bitmap","file":"mineclub/ui/discord/discord_letter.png","ascent":-63,"height":6,"chars":["璺筒甪向血自纂篡算农舟鄮"]},{"type":"bitmap","file":"mineclub/ui/discord/discord_text.png","ascent":-63,"height":6,"chars":["箪","禾"]},{"type":"bitmap","file":"mineclub/ui/discord/discord_numbers.png","ascent":-84,"height":14,"chars":["笆癿皑簋皎爨笕奥筋制"]},{"type":"bitmap","file":"mineclub/ui/housing/optionico.png","ascent":-60,"height":12,"chars":["佝","铞","锃","锅","铝","锷"]},{"type":"bitmap","file":"mineclub/ui/housing/options.png","ascent":-4,"height":17,"chars":["瞀外","又名","鳙鲐","骀煞","ꑝꑝ","ꑝꑝ"]},{"type":"bitmap","file":"mineclub/ui/housing/options.png","ascent":-22,"height":17,"chars":["ꑝꑝ","ꑝꑝ","ꑝꑝ","ꑝ廷","钒铅","ꑝꑝ"]},{"type":"bitmap","file":"mineclub/ui/housing/options.png","ascent":-40,"height":17,"chars":["ꑝꑝ","ꑝꑝ","ꑝꑝ","ꑝ延","牮锇","ꑝꑝ"]},{"type":"bitmap","file":"mineclub/ui/housing/options.png","ascent":-58,"height":17,"chars":["ꑝꑝ","ꑝꑝ","ꑝꑝ","ꑝ戣","铁镍","ꑝ饶"]},{"type":"bitmap","file":"mineclub/ui/housing/options.png","ascent":-76,"height":17,"chars":["ꑝꑝ","ꑝꑝ","ꑝꑝ","ꑝ蝥","铄锼","螯ꑝ"]},{"type":"bitmap","file":"mineclub/ui/housing/options.png","ascent":-94,"height":17,"chars":["ꑝꑝ","ꑝꑝ","ꑝꑝ","ꑝ建","ꑝꑝ","ꑝꑝ"]},{"type":"bitmap","file":"mineclub/ui/housing/settings_icons.png","ascent":-4,"height":108,"chars":["骛憨"]},{"type":"bitmap","file":"mineclub/games/lasertag/ltban.png","ascent":7,"height":7,"chars":["碇","醣","觿","斛","驰"]},{"type":"bitmap","file":"mineclub/games/lasertag/tutorial.png","ascent":129,"height":384,"chars":["狼狻","狁狨","铌钷","钝钨"]},{"type":"bitmap","file":"mineclub/games/lasertag/tutnum.png","ascent":54,"height":240,"chars":["痢痿疼狄猿","狐瘤猊犷獯","铧镎仳偕铋","锪钓钩钧锴"]},{"type":"bitmap","file":"mineclub/games/dodgeball/countdown.png","ascent":54,"height":240,"chars":["铧镎仳偕铋","锪钓钩钧锴"]},{"type":"bitmap","file":"mineclub/games/lasertag/numbers.png","ascent":6,"height":7,"chars":["麋麟垄麇麝麂麑式贰庼","诿诰诜谢诛话诟诉讥设","讽诋谀诚议诶谘试诒谝","诫计谳谊诧诸读诂发诙","订诃诬诼谮讶谭证谵谲","磔哥砀码碓礁敔砼硷矻","砟砒砌碟砘碶碃碛碡砖","砆砸碾豆碏碘礤礞硔礴","锈钣锋铬铥锆铣钐铆镏"]},{"type":"bitmap","file":"mineclub/games/lasertag/players.png","ascent":6,"height":7,"chars":["谗认讷谁谯诊谶谂许猱","硕礵礌硒砰矸硬砺磊研","惚毕毙怅毖忳情愫句悒"]},{"type":"bitmap","file":"mineclub/games/lasertag/timer.png","ascent":10,"height":15,"chars":["甙","碌","镗","钭"]},{"type":"bitmap","file":"mineclub/games/lasertag/topbar.png","ascent":10,"height":15,"chars":["砻","砷","伞","鹐","锍","愉"]},{"type":"bitmap","file":"mineclub/games/dodgeball/numberslarge.png","ascent":10,"height":20,"chars":["灸坠蛋","挣扬搀"]},{"type":"bitmap","file":"mineclub/games/dodgeball/throw.png","ascent":10,"height":20,"chars":["锓","撸"]},{"type":"bitmap","file":"mineclub/games/parkourtag/colon.png","ascent":5,"height":6,"chars":["酃磋碰磁磡磏"]},{"type":"bitmap","file":"mineclub/games/lasertag/bars.png","ascent":-32,"height":9,"chars":["谱宜窟宥","谥真窈觌","诺直窠寮","谨橐窣宏","谋蠹窨漦","谌孛未寄","详察宋嫠","讲囊守考","谦南勃釐","谎索教宄","讪疐鹁孝","讻穴支老","诎窅墼耇","谓窭頍协","谡窸翅吏","课窖灾事","讣窆宵寝","谛窳客妻","谤窊宪宙","谪窗宅审","谜戭牢士","谚突博宣","访窦栽寡","谴究宬宇","让穷宠宝","谇帘载室","谑窜截矗","谆窕惠寅","谅空哉宗","谙颠戴完","该窒裁宸","廛窍艹宁","廙穿廾宕","鹿穹朝富","廓穸戟家","店窿寁寇","廪窑乾定","十窬翰字","煮容斡宛","都窄韩麴","翥窃軎卖","宴窀輶宿","赍窎丈宾","献窘者甯"]},{"type":"bitmap","file":"mineclub/games/lasertag/healthhead.png","ascent":7,"height":7,"chars":["寞宰","贲大","宽乂","寨瘟","鶱橥","塞疸","骞疤","赛痕","蹇有","搴殽","謇牵","褰疽","寒瓻","七郗","兢郁","剜欷","剋瘵","翘瘿","安痈","案癯","寐瘅","寤东","郪杀","寓疲","寰夺","寂弑","实癞"]},{"type":"bitmap","file":"mineclub/games/lasertag/exhaustionregen.png","ascent":-32,"height":9,"chars":["态","翃","癫","奢","奔","爻","肴","鸑","爽","希","痍","瘸","夯","痂","瘗","暂","布","錾","椠","在","堑","夼"]},{"type":"bitmap","file":"mineclub/games/lasertag/boxes.png","ascent":-46,"height":16,"chars":["奓","痛","旮"]},{"type":"bitmap","file":"mineclub/games/lasertag/lasertagban.png","ascent":45,"height":288,"chars":["独狉","狂犴","獗獬","狲猛"]},{"type":"bitmap","file":"mineclub/games/lasertag/gems2.png","ascent":6,"height":7,"chars":["谏译诮谠谈诗诖诵ꑝ","诠谕讫论讹诈诲诱馑","镨镤镒镁锘锳钳镬ꑝ","锚岱钆镚铠钕铷镴ꑝ"]},{"type":"bitmap","file":"mineclub/games/lasertag/gems2.png","ascent":7,"height":7,"chars":["鲭鳄骤鳚鱽鲰驱鲪鳛","ꑝꑝꑝꑝꑝꑝꑝꑝꑝ","ꑝꑝꑝꑝꑝꑝꑝꑝꑝ","ꑝꑝꑝꑝꑝꑝꑝꑝꑝ"]},{"type":"bitmap","file":"mineclub/games/lasertag/gems.png","ascent":-48,"height":12,"chars":["扈扇房扆戽扂戒猾诨硭但偈内隺","疯猕狰犸狳狯猃猞切碳偁倜龢伣"]},{"type":"bitmap","file":"mineclub/games/lasertag/gems.png","ascent":15,"height":16,"chars":["猬猓狸狎猡猥瘦瘐狡ꑝꑝꑝꑝꑝ","ꑝꑝꑝꑝꑝꑝꑝꑝꑝꑝꑝꑝꑝꑝ"]},{"type":"bitmap","file":"mineclub/games/lasertag/numbers2.png","ascent":-48,"height":12,"chars":["度庶席廑庠庹廉谒谩调","宓蜜耄密耋尧害古胡鹕","豁克割官额故鸪宫嘏辜","肀宦宧寥卉鸫友痧瘙瘫"]},{"type":"bitmap","file":"mineclub:space_split.png","ascent":-32768,"height":40,"chars":["砍"]},{"type":"bitmap","file":"mineclub/games/lasertag/numbers2.png","ascent":15,"height":16,"chars":["ꑝꑝꑝꑝꑝꑝꑝꑝꑝꑝ","痫奄左奭癗痞癍痓疬奈","痦夸疔奇疴病痘疠瘃痖","狗狍猰猜狷犯猎獴獾猫"]},{"type":"bitmap","file":"mineclub/titles/numbers.png","ascent":7,"height":8,"chars":["鳑鲛驻鲂疏巯鲚鲢鲇鲸"]},{"type":"bitmap","file":"mineclub/ui/lt.png","ascent":34,"height":384,"chars":["痴瘾"]},{"type":"bitmap","file":"mineclub/images/games4.png","ascent":-950,"height":177,"chars":["磹"]},{"type":"bitmap","file":"mineclub/games/lasertag/chatguns.png","ascent":7,"height":7,"chars":["砝磕磻硌砭硃硚斫","矶矾砜碈硪砾砥碑","硇矿礳碱碜碥硿碹"]},{"type":"bitmap","file":"mineclub/ui/title1.png","ascent":25,"height":30,"chars":["玎"]},{"type":"bitmap","file":"mineclub/ui/leaders/num.png","ascent":-26,"height":8,"chars":["蝘褊蜡蟆褯蝾蠓螠蝤蟒","ꑝꑝꑝꑝꑝꑝꑝꑝꑝꑝ"]},{"type":"bitmap","file":"mineclub/ui/leaders/num.png","ascent":-44,"height":8,"chars":["蟥蟏蚶螨蜞蠖蛘蜣蟮蛐","ꑝꑝꑝꑝꑝꑝꑝꑝꑝꑝ"]},{"type":"bitmap","file":"mineclub/ui/leaders/num.png","ascent":-62,"height":8,"chars":["螬蠛虬袯蚴蜾蠋蝈蛔螺","ꑝꑝꑝꑝꑝꑝꑝꑝꑝꑝ"]},{"type":"bitmap","file":"mineclub/ui/leaders/num.png","ascent":-80,"height":8,"chars":["螃蛟蛀蚄蟀蚪蚊蛴蝣蟑","ꑝꑝꑝꑝꑝꑝꑝꑝꑝꑝ"]},{"type":"bitmap","file":"mineclub/ui/leaders/num.png","ascent":-98,"height":8,"chars":["螭虻褚史盎襫鸯串肃牖","捷揎拧砉艳邦摈挠彗慧"]},{"type":"bitmap","file":"mineclub/ui/leaders/-.png","ascent":-29,"height":2,"chars":["柔"]},{"type":"bitmap","file":"mineclub/ui/leaders/-.png","ascent":-47,"height":2,"chars":["及"]},{"type":"bitmap","file":"mineclub/ui/leaders/-.png","ascent":-65,"height":2,"chars":["虱"]},{"type":"bitmap","file":"mineclub/ui/leaders/-.png","ascent":-83,"height":2,"chars":["蟊"]},{"type":"bitmap","file":"mineclub/ui/leaders/-.png","ascent":-101,"height":2,"chars":["骘"]},{"type":"bitmap","file":"mineclub/ui/leaders/k.png","ascent":-26,"height":8,"chars":["丑"]},{"type":"bitmap","file":"mineclub/ui/leaders/k.png","ascent":-44,"height":8,"chars":["厾"]},{"type":"bitmap","file":"mineclub/ui/leaders/k.png","ascent":-62,"height":8,"chars":["颋"]},{"type":"bitmap","file":"mineclub/ui/leaders/k.png","ascent":-80,"height":8,"chars":["疆"]},{"type":"bitmap","file":"mineclub/ui/leaders/k.png","ascent":-98,"height":8,"chars":["矞"]},{"type":"bitmap","file":"mineclub/icons/7xmil.png","ascent":-26,"height":8,"chars":["矜"]},{"type":"bitmap","file":"mineclub/icons/7x100k.png","ascent":-44,"height":8,"chars":["乃"]},{"type":"bitmap","file":"mineclub/icons/7x10k.png","ascent":-62,"height":8,"chars":["弧"]},{"type":"bitmap","file":"mineclub/icons/7x1k.png","ascent":-80,"height":8,"chars":["夕"]},{"type":"bitmap","file":"mineclub/icons/7x100.png","ascent":-98,"height":8,"chars":["弘"]},{"type":"bitmap","file":"mineclub/ui/leaders/scroll_qualifiers.png","ascent":-30,"height":73,"chars":["师片"]},{"type":"bitmap","file":"mineclub/ui/leaders/headers.png","ascent":13,"height":34,"chars":["碲","磅","磙","礅","镌","掮","捩","拚","摭","拨"]},{"type":"bitmap","file":"mineclub/games/lasertag/arrow.png","ascent":6,"height":7,"chars":["袖襦贵壮虫状将北邶非剕兆妆褥刂费襜桨浆版牌牍奖酱艴牒襁衲鼗袗袱衿裣褕袷褓","忠背袍冀聿裱袆裎冂间阊阘阌阒阅阐闲闭阑阔闺阖初阁阍阋阆阈阗阇裾闳阉裙闽闩","闰闬韭闫阎阚阕闯阄闪阀闷闱问闾闻阙闿阃闸闶闵闼闹訚阏阂褡儿鸩胤由胄裸申頔","曳电补褪棐辈裢蜚悲翡襚裴斐一百戬厩亘皕碧厚霾霜霖耐霪霈霄雾耏霓丽霭而融霏","颥雳雩震霆邴郦页贡霍零厕霉恧雹鹂鹝鸸露霞霨雪翮霹霰霸鬷耍雷雱雯霁霅霎晋垩","西酉于盂厢五邘汞不灭甭飘瓢平剽丕歪鄢愿否孬王瑁瑆瑂瑅瓓琨琶珢璟再玥瑷珊琛","珲珇瑗琈瑶璎玐珶玢琳玻玦瑓琐璘琰珖珰珃珪珐珀瑔瑝珦珘琇璠珞珋珠瑖瑀玑珩璬","瓒璁玉压琅珬珹球珑班瑭瑱瑏瑢琮瑄琔琬瑚琯珛琦珈珕玔珧琲到珒珅玒瓀瑈珽郅瓍"]},{"type":"bitmap","file":"mineclub/ui/countdown.png","ascent":10,"height":32,"chars":["鸷","幔","挚","抬","撼","护"]},{"type":"bitmap","file":"mineclub/ui/numbers.png","ascent":-10,"height":5,"chars":["疗疚痉鸠疡馗訄虓疹疾"]}]}