{"textures":{"2":"mineclub/icons/halloween_token","particle":"mineclub/furniture/gfx_atm"},"elements":[{"from":[-6,-16,0],"to":[22,-4,16],"rotation":{"angle":0,"axis":"y","origin":[16,8,8]},"faces":{"north":{"uv":[0.125,6.375,3.625,7.875],"texture":"#particle"},"east":{"uv":[5.625,6.375,3.625,7.875],"texture":"#particle"},"west":{"uv":[3.625,6.375,5.625,7.875],"texture":"#particle"}}},{"from":[-7,-4,-2],"to":[23,0,16],"rotation":{"angle":0,"axis":"y","origin":[16,12,8]},"faces":{"north":{"uv":[0.125,2.375,3.875,2.875],"texture":"#particle"},"east":{"uv":[2.375,5.375,0.125,5.875],"texture":"#particle"},"west":{"uv":[0.125,5.375,2.375,5.875],"texture":"#particle"},"up":{"uv":[3.875,2.375,0.125,0.125],"texture":"#particle"},"down":{"uv":[3.875,5.125,0.125,2.875],"texture":"#particle"}}},{"from":[0,-3.67043,6.4525],"to":[16,10.32957,10.4525],"rotation":{"angle":22.5,"axis":"x","origin":[8,4.32957,14.4525]},"faces":{"north":{"uv":[12.875,0.125,14.875,1.875],"texture":"#particle"}}},{"from":[-6,0,4],"to":[0,22,16],"rotation":{"angle":0,"axis":"y","origin":[16,30,4]},"faces":{"north":{"uv":[5.625,3.125,6.375,5.875],"texture":"#particle"},"east":{"uv":[4.125,3.125,5.625,5.875],"texture":"#particle"},"west":{"uv":[6.375,3.125,7.875,5.875],"texture":"#particle"}}},{"from":[16,0,4],"to":[22,22,16],"rotation":{"angle":0,"axis":"y","origin":[38,30,4]},"faces":{"north":{"uv":[5.625,0.125,6.375,2.875],"texture":"#particle"},"east":{"uv":[4.125,0.125,5.625,2.875],"texture":"#particle"},"west":{"uv":[6.375,0.125,7.875,2.875],"texture":"#particle"}}},{"from":[-5.9875,12.29289,2.36396],"to":[21.9875,26.29289,10.36396],"rotation":{"angle":-45,"axis":"x","origin":[8,21.29289,6.36396]},"faces":{"north":{"uv":[8.125,0.125,11.625,1.875],"texture":"#particle"},"east":{"uv":[12.625,0.125,11.625,1.875],"texture":"#particle"},"west":{"uv":[11.625,0.125,12.625,1.875],"texture":"#particle"}}},{"from":[-6,22,0],"to":[22,30,16],"rotation":{"angle":0,"axis":"y","origin":[16,8,8]},"faces":{"north":{"uv":[8.125,4.125,11.625,5.125],"texture":"#particle"},"east":{"uv":[13.625,4.125,11.625,5.125],"texture":"#particle"},"west":{"uv":[11.625,4.125,13.625,5.125],"texture":"#particle"},"up":{"uv":[11.625,4.125,8.125,2.125],"texture":"#particle"}}},{"from":[2.5,2.5,3.69],"to":[13.5,13.5,3.69],"rotation":{"angle":22.5,"axis":"x","origin":[0,0,0]},"faces":{"north":{"uv":[1,1,15,15],"texture":"#2"},"east":{"uv":[0,0,0,10],"texture":"#missing"},"south":{"uv":[0,0,10,10],"texture":"#missing"},"west":{"uv":[0,0,0,10],"texture":"#missing"},"up":{"uv":[0,0,10,0],"texture":"#missing"},"down":{"uv":[0,0,10,0],"texture":"#missing"}}}],"display":{"gui":{"rotation":[30,225,0],"scale":[0.25,0.25,0.25]},"head":{"translation":[0,-6.4,0],"scale":[1.6,1.6,1.6]},"fixed":{"translation":[-16,0,-11.75],"scale":[2,2,2]}}}