{"textures":{"particle":"mineclub/furniture/gfx_bed"},"elements":[{"name":"dyeable","from":[-5,10.92893,20],"to":[7,13.92893,27],"rotation":{"angle":-45,"axis":"x","origin":[7,6.92893,23.41421]},"faces":{"north":{"uv":[0.125,13.125,1.625,13.5],"texture":"#particle","tintindex":0},"east":{"uv":[2.5,13.125,1.625,13.5],"texture":"#particle","tintindex":0},"south":{"uv":[0.125,14.375,1.625,14.75],"texture":"#particle","tintindex":0},"west":{"uv":[1.625,13.125,2.5,13.5],"texture":"#particle","tintindex":0},"up":{"uv":[1.625,13.125,0.125,12.25],"texture":"#particle","tintindex":0},"down":{"uv":[1.625,14.375,0.125,13.5],"texture":"#particle","tintindex":0}}},{"name":"dyeable","from":[9,10.92893,20],"to":[21,13.92893,27],"rotation":{"angle":-45,"axis":"x","origin":[21,6.92893,23.41421]},"faces":{"north":{"uv":[0.125,13.125,1.625,13.5],"texture":"#particle","tintindex":0},"east":{"uv":[2.5,13.125,1.625,13.5],"texture":"#particle","tintindex":0},"south":{"uv":[1.625,14.75,0.125,14.375],"texture":"#particle","tintindex":0},"west":{"uv":[1.625,13.125,2.5,13.5],"texture":"#particle","tintindex":0},"up":{"uv":[1.625,13.125,0.125,12.25],"texture":"#particle","tintindex":0},"down":{"uv":[1.625,14.375,0.125,13.5],"texture":"#particle","tintindex":0}}},{"name":"dyeable","from":[-6,6,-6],"to":[22,9,13],"rotation":{"angle":0,"axis":"y","origin":[16,8,0]},"faces":{"north":{"uv":[4.125,4,7.625,4.375],"texture":"#particle","tintindex":0},"east":{"uv":[6.5,4.625,4.125,5],"texture":"#particle","tintindex":0},"west":{"uv":[4.125,4.625,6.5,5],"texture":"#particle","tintindex":0},"up":{"uv":[7.625,4,4.125,1.625],"texture":"#particle","tintindex":0}}},{"from":[-6,6,13],"to":[22,9,22],"rotation":{"angle":0,"axis":"y","origin":[16,8,0]},"faces":{"east":{"uv":[7.625,4.625,6.5,5],"texture":"#particle"},"south":{"uv":[7.625,0.5,4.125,0.125],"texture":"#particle"},"west":{"uv":[6.5,4.625,7.625,5],"texture":"#particle"},"up":{"uv":[7.625,1.625,4.125,0.5],"texture":"#particle"}}},{"from":[-6.5,6.5,10],"to":[22.5,9.5,16],"rotation":{"angle":0,"axis":"y","origin":[16,8,-5]},"faces":{"north":{"uv":[0.125,11.625,3.75,12],"texture":"#particle"},"east":{"uv":[2.625,12.25,1.875,12.625],"texture":"#particle"},"south":{"uv":[3.75,10.875,0.125,10.5],"texture":"#particle"},"west":{"uv":[1.875,12.25,2.625,12.625],"texture":"#particle"},"up":{"uv":[3.75,11.625,0.125,10.875],"texture":"#particle"}}},{"from":[-7,2,-8],"to":[23,7,24],"rotation":{"angle":0,"axis":"y","origin":[16,6,8]},"faces":{"north":{"uv":[0.125,4.125,3.875,4.75],"texture":"#particle"},"east":{"uv":[0.125,9.625,4.125,10.25],"texture":"#particle"},"south":{"uv":[3.875,9.375,0.125,8.75],"texture":"#particle"},"west":{"uv":[0.125,9.625,4.125,10.25],"texture":"#particle"},"up":{"uv":[3.875,4.125,0.125,0.125],"texture":"#particle"},"down":{"uv":[3.875,8.75,0.125,4.75],"texture":"#particle"}}},{"from":[-5,9,-8],"to":[21,11,-6],"rotation":{"angle":0,"axis":"y","origin":[15,12,8]},"faces":{"north":{"uv":[4.125,8.25,7.375,8.5],"texture":"#particle"},"south":{"uv":[7.375,9,4.125,8.75],"texture":"#particle"},"up":{"uv":[7.375,8.25,4.125,8],"texture":"#particle"},"down":{"uv":[7.375,8.75,4.125,8.5],"texture":"#particle"}}},{"from":[-5,9,22],"to":[21,17,24],"rotation":{"angle":0,"axis":"y","origin":[15,12,38]},"faces":{"north":{"uv":[4.125,5.5,7.375,6.5],"texture":"#particle"},"south":{"uv":[7.375,7.75,4.125,6.75],"texture":"#particle"},"up":{"uv":[7.375,5.5,4.125,5.25],"texture":"#particle"},"down":{"uv":[7.375,6.75,4.125,6.5],"texture":"#particle"}}},{"from":[-7,0,-8],"to":[-5,13,-6],"rotation":{"angle":0,"axis":"y","origin":[-13,3,8]},"faces":{"north":{"uv":[5.875,9.625,6.125,11.25],"texture":"#particle"},"east":{"uv":[5.625,9.625,5.875,11.25],"texture":"#particle"},"south":{"uv":[6.375,9.625,6.625,11.25],"texture":"#particle"},"west":{"uv":[6.125,9.625,6.375,11.25],"texture":"#particle"},"up":{"uv":[6.125,9.625,5.875,9.375],"texture":"#particle"},"down":{"uv":[6.125,11.5,5.875,11.25],"texture":"#particle"}}},{"from":[21,0,-8],"to":[23,13,-6],"rotation":{"angle":0,"axis":"y","origin":[29,3,8]},"faces":{"north":{"uv":[6.125,9.625,5.875,11.25],"texture":"#particle"},"east":{"uv":[6.375,9.625,6.125,11.25],"texture":"#particle"},"south":{"uv":[6.625,9.625,6.375,11.25],"texture":"#particle"},"west":{"uv":[5.875,9.625,5.625,11.25],"texture":"#particle"},"up":{"uv":[5.875,9.625,6.125,9.375],"texture":"#particle"},"down":{"uv":[5.875,11.5,6.125,11.25],"texture":"#particle"}}},{"from":[-7,0,22],"to":[-5,19,24],"rotation":{"angle":0,"axis":"y","origin":[-13,3,38]},"faces":{"north":{"uv":[4.625,9.625,4.875,12],"texture":"#particle"},"east":{"uv":[4.375,9.625,4.625,12],"texture":"#particle"},"south":{"uv":[5.125,9.625,5.375,12],"texture":"#particle"},"west":{"uv":[4.875,9.625,5.125,12],"texture":"#particle"},"up":{"uv":[4.875,9.625,4.625,9.375],"texture":"#particle"},"down":{"uv":[4.875,12.25,4.625,12],"texture":"#particle"}}},{"from":[21,0,22],"to":[23,19,24],"rotation":{"angle":0,"axis":"y","origin":[29,3,38]},"faces":{"north":{"uv":[4.875,9.625,4.625,12],"texture":"#particle"},"east":{"uv":[5.125,9.625,4.875,12],"texture":"#particle"},"south":{"uv":[5.375,9.625,5.125,12],"texture":"#particle"},"west":{"uv":[4.625,9.625,4.375,12],"texture":"#particle"},"up":{"uv":[4.625,9.625,4.875,9.375],"texture":"#particle"},"down":{"uv":[4.625,12.25,4.875,12],"texture":"#particle"}}}],"display":{"thirdperson_righthand":{"rotation":[75,45,0],"translation":[0,2.5,0],"scale":[0.375,0.375,0.375]},"firstperson_righthand":{"rotation":[0,45,0],"scale":[0.4,0.4,0.4]},"ground":{"translation":[0,1,0],"scale":[0.5,0.5,0.5]},"gui":{"rotation":[30,225,0],"scale":[0.3,0.3,0.3]},"head":{"translation":[0,-32.4,0],"scale":[1.6,1.6,1.6]},"fixed":{"rotation":[-90,0,0],"translation":[-16,-16,-15],"scale":[2,2,2]}}}