{"textures":{"particle":"mineclub/furniture/gfx_bed"},"elements":[{"name":"dyeable","from":[2,10.9289,20],"to":[14,13.9289,27],"rotation":{"angle":-45,"axis":"x","origin":[14,6.9289,23.4142]},"faces":{"north":{"uv":[0.125,13.125,1.625,13.5],"texture":"#particle","tintindex":0},"east":{"uv":[2.5,13.125,1.625,13.5],"texture":"#particle","tintindex":0},"south":{"uv":[1.625,14.75,0.125,14.375],"texture":"#particle","tintindex":0},"west":{"uv":[1.625,13.125,2.5,13.5],"texture":"#particle","tintindex":0},"up":{"uv":[1.625,13.125,0.125,12.25],"texture":"#particle","tintindex":0},"down":{"uv":[1.625,14.375,0.125,13.5],"texture":"#particle","tintindex":0}}},{"name":"dyeable","from":[1,6,-6],"to":[15,9,13],"rotation":{"angle":0,"axis":"y","origin":[8,12,0]},"faces":{"north":{"uv":[10.125,4,11.875,4.375],"texture":"#particle","tintindex":0},"east":{"uv":[6.5,4.625,4.125,5],"texture":"#particle","tintindex":0},"west":{"uv":[4.125,4.625,6.5,5],"texture":"#particle","tintindex":0},"up":{"uv":[11.875,4,10.125,1.625],"texture":"#particle","tintindex":0}}},{"from":[0,2,-8],"to":[16,7,24],"rotation":{"angle":0,"axis":"y","origin":[8,10,0]},"faces":{"north":{"uv":[7.875,4.125,9.875,4.75],"texture":"#particle"},"east":{"uv":[0.125,9.625,4.125,10.25],"texture":"#particle"},"south":{"uv":[9.875,9.375,7.875,8.75],"texture":"#particle"},"west":{"uv":[0.125,9.625,4.125,10.25],"texture":"#particle"},"up":{"uv":[9.875,4.125,7.875,0.125],"texture":"#particle"},"down":{"uv":[9.875,8.75,7.875,4.75],"texture":"#particle"}}},{"from":[0,0,-8],"to":[2,13,-6],"rotation":{"angle":0,"axis":"y","origin":[8,10,0]},"faces":{"north":{"uv":[5.875,9.625,6.125,11.25],"texture":"#particle"},"east":{"uv":[5.625,9.625,5.875,11.25],"texture":"#particle"},"south":{"uv":[6.375,9.625,6.625,11.25],"texture":"#particle"},"west":{"uv":[6.125,9.625,6.375,11.25],"texture":"#particle"},"up":{"uv":[6.125,9.625,5.875,9.375],"texture":"#particle"},"down":{"uv":[6.125,11.5,5.875,11.25],"texture":"#particle"}}},{"from":[14,0,-8],"to":[16,13,-6],"rotation":{"angle":0,"axis":"y","origin":[8,10,0]},"faces":{"north":{"uv":[6.125,9.625,5.875,11.25],"texture":"#particle"},"east":{"uv":[6.375,9.625,6.125,11.25],"texture":"#particle"},"south":{"uv":[6.625,9.625,6.375,11.25],"texture":"#particle"},"west":{"uv":[5.875,9.625,5.625,11.25],"texture":"#particle"},"up":{"uv":[5.875,9.625,6.125,9.375],"texture":"#particle"},"down":{"uv":[5.875,11.5,6.125,11.25],"texture":"#particle"}}},{"from":[2,9,-8],"to":[14,11,-6],"rotation":{"angle":0,"axis":"y","origin":[10,10,0]},"faces":{"north":{"uv":[10.125,7.625,11.625,7.875],"texture":"#particle"},"south":{"uv":[11.625,8.375,10.125,8.125],"texture":"#particle"},"up":{"uv":[11.625,7.625,10.125,7.375],"texture":"#particle"},"down":{"uv":[11.625,8.125,10.125,7.875],"texture":"#particle"}}},{"from":[2,9,22],"to":[14,17,24],"rotation":{"angle":0,"axis":"y","origin":[10,10,30]},"faces":{"north":{"uv":[10.125,4.875,11.625,5.875],"texture":"#particle"},"south":{"uv":[11.625,7.125,10.125,6.125],"texture":"#particle"},"up":{"uv":[11.625,4.875,10.125,4.625],"texture":"#particle"},"down":{"uv":[11.625,6.125,10.125,5.875],"texture":"#particle"}}},{"from":[0,0,22],"to":[2,19,24],"rotation":{"angle":0,"axis":"y","origin":[8,10,30]},"faces":{"north":{"uv":[4.625,9.625,4.875,12],"texture":"#particle"},"east":{"uv":[4.375,9.625,4.625,12],"texture":"#particle"},"south":{"uv":[5.125,9.625,5.375,12],"texture":"#particle"},"west":{"uv":[4.875,9.625,5.125,12],"texture":"#particle"},"up":{"uv":[4.875,9.625,4.625,9.375],"texture":"#particle"},"down":{"uv":[4.875,12.25,4.625,12],"texture":"#particle"}}},{"from":[14,0,22],"to":[16,19,24],"rotation":{"angle":0,"axis":"y","origin":[8,10,30]},"faces":{"north":{"uv":[4.875,9.625,4.625,12],"texture":"#particle"},"east":{"uv":[5.125,9.625,4.875,12],"texture":"#particle"},"south":{"uv":[5.375,9.625,5.125,12],"texture":"#particle"},"west":{"uv":[4.625,9.625,4.375,12],"texture":"#particle"},"up":{"uv":[4.625,9.625,4.875,9.375],"texture":"#particle"},"down":{"uv":[4.625,12.25,4.875,12],"texture":"#particle"}}},{"from":[1,6,13],"to":[15,9,22],"rotation":{"angle":0,"axis":"y","origin":[8,12,0]},"faces":{"east":{"uv":[7.625,4.625,6.5,5],"texture":"#particle"},"south":{"uv":[11.875,0.5,10.125,0.125],"texture":"#particle"},"west":{"uv":[6.5,4.625,7.625,5],"texture":"#particle"},"up":{"uv":[11.875,0.5,10.125,1.625],"texture":"#particle"}}},{"from":[0.5,6.5,10],"to":[15.5,9.5,16],"rotation":{"angle":0,"axis":"y","origin":[8.5,12.5,-6]},"faces":{"north":{"uv":[6.875,10.75,8.75,11.125],"texture":"#particle"},"east":{"uv":[2.625,12.25,1.875,12.625],"texture":"#particle"},"south":{"uv":[8.75,10,6.875,9.625],"texture":"#particle"},"west":{"uv":[1.875,12.25,2.625,12.625],"texture":"#particle"},"up":{"uv":[8.75,10.75,6.875,10],"texture":"#particle"}}}],"display":{"thirdperson_righthand":{"rotation":[75,45,0],"translation":[0,2.5,0],"scale":[0.375,0.375,0.375]},"firstperson_righthand":{"rotation":[0,45,0],"scale":[0.4,0.4,0.4]},"ground":{"translation":[0,1,0],"scale":[0.5,0.5,0.5]},"gui":{"rotation":[30,225,0],"scale":[0.4,0.4,0.4]},"head":{"translation":[0,-32.4,0],"scale":[1.6,1.6,1.6]},"fixed":{"rotation":[-90,0,0],"translation":[0,-16,-15],"scale":[2,2,2]}}}