{"textures":{"particle":"mineclub/furniture/gfx_kitchen_cabinets"},"elements":[{"name":"dyeable","from":[0,0,1],"to":[16,15,16],"faces":{"north":{"uv":[2.375,0.5,4.375,2.375],"texture":"#particle","tintindex":0},"east":{"uv":[6.25,0.5,4.375,2.375],"texture":"#particle","tintindex":0},"south":{"uv":[6.25,0.5,8.25,2.375],"texture":"#particle","tintindex":0},"west":{"uv":[4.375,0.5,6.25,2.375],"texture":"#particle","tintindex":0},"down":{"uv":[2.125,6.5,0.125,4.625],"texture":"#particle","tintindex":0}}},{"from":[0,15,0],"to":[16,16,16],"rotation":{"angle":0,"axis":"y","origin":[8,9,8]},"faces":{"north":{"uv":[2.375,0.125,4.375,0.25],"texture":"#particle"},"east":{"uv":[6.375,0.125,4.375,0.25],"texture":"#particle"},"south":{"uv":[6.375,0.125,8.375,0.25],"texture":"#particle"},"west":{"uv":[4.375,0.125,6.375,0.25],"texture":"#particle"},"up":{"uv":[2.125,2.125,0.125,0.125],"texture":"#particle"},"down":{"uv":[2.125,4.375,0.125,2.375],"texture":"#particle"}}},{"from":[7,13,0],"to":[9,14,1],"rotation":{"angle":0,"axis":"y","origin":[16,21,8]},"faces":{"north":{"uv":[8.75,0.25,9,0.375],"texture":"#particle"},"east":{"uv":[8.625,0.25,8.75,0.375],"texture":"#particle"},"west":{"uv":[9,0.25,9.125,0.375],"texture":"#particle"},"up":{"uv":[9,0.25,8.75,0.125],"texture":"#particle"},"down":{"uv":[9,0.5,8.75,0.375],"texture":"#particle"}}},{"from":[10,7,0],"to":[12,8,1],"rotation":{"angle":0,"axis":"y","origin":[19,15,8]},"faces":{"north":{"uv":[8.75,0.25,9,0.375],"texture":"#particle"},"east":{"uv":[8.625,0.25,8.75,0.375],"texture":"#particle"},"west":{"uv":[9,0.25,9.125,0.375],"texture":"#particle"},"up":{"uv":[9,0.25,8.75,0.125],"texture":"#particle"},"down":{"uv":[9,0.5,8.75,0.375],"texture":"#particle"}}},{"from":[4,7,0],"to":[6,8,1],"rotation":{"angle":0,"axis":"y","origin":[13,15,8]},"faces":{"north":{"uv":[8.75,0.25,9,0.375],"texture":"#particle"},"east":{"uv":[8.625,0.25,8.75,0.375],"texture":"#particle"},"west":{"uv":[9,0.25,9.125,0.375],"texture":"#particle"},"up":{"uv":[9,0.25,8.75,0.125],"texture":"#particle"},"down":{"uv":[9,0.5,8.75,0.375],"texture":"#particle"}}}],"display":{"thirdperson_righthand":{"rotation":[75,45,0],"translation":[0,2.5,0],"scale":[0.375,0.375,0.375]},"firstperson_righthand":{"rotation":[0,45,0],"scale":[0.4,0.4,0.4]},"ground":{"translation":[0,1,0],"scale":[0.5,0.5,0.5]},"gui":{"rotation":[30,225,0],"scale":[0.625,0.625,0.625]},"head":{"translation":[0,-29,0],"scale":[1.6,1.6,1.6]},"fixed":{"rotation":[-90,0,0],"translation":[0,0,-14.5],"scale":[2,2,2]}}}