{"textures":{"particle":"mineclub/furniture/gfx_kitchen_cabinets"},"elements":[{"name":"dyeable","from":[15,0,9],"to":[16,16,16],"faces":{"north":{"uv":[5.25,6.875,5.375,8.875],"texture":"#particle","tintindex":0},"east":{"uv":[4.375,6.875,5.25,8.875],"texture":"#particle","tintindex":0},"south":{"uv":[6.25,6.875,6.375,8.875],"texture":"#particle","tintindex":0},"west":{"uv":[5.375,6.875,6.25,8.875],"texture":"#particle","tintindex":0},"up":{"uv":[2.5,12.5,2.375,11.625],"texture":"#particle","tintindex":0},"down":{"uv":[2.875,12.5,2.75,11.625],"texture":"#particle","tintindex":0}}},{"name":"dyeable","from":[0,0,9],"to":[1,16,16],"faces":{"north":{"uv":[5.25,9.125,5.375,11.125],"texture":"#particle","tintindex":0},"east":{"uv":[4.375,9.125,5.25,11.125],"texture":"#particle","tintindex":0},"south":{"uv":[6.25,9.125,6.375,11.125],"texture":"#particle","tintindex":0},"west":{"uv":[5.375,9.125,6.25,11.125],"texture":"#particle","tintindex":0},"up":{"uv":[3.25,12.5,3.125,11.625],"texture":"#particle","tintindex":0},"down":{"uv":[3.625,12.5,3.5,11.625],"texture":"#particle","tintindex":0}}},{"name":"dyeable","from":[1,15,9],"to":[15,16,15],"faces":{"north":{"uv":[2.375,13.5,4.125,13.625],"texture":"#particle","tintindex":0},"up":{"uv":[4.125,13.5,2.375,12.75],"texture":"#particle","tintindex":0},"down":{"uv":[4.125,14.375,2.375,13.625],"texture":"#particle","tintindex":0}}},{"name":"dyeable","from":[1,10,9],"to":[15,11,15],"faces":{"north":{"uv":[4.375,15.375,6.125,15.5],"texture":"#particle","tintindex":0},"up":{"uv":[6.125,15.375,4.375,14.625],"texture":"#particle","tintindex":0},"down":{"uv":[4.125,14.375,2.375,13.625],"texture":"#particle","tintindex":0}}},{"name":"dyeable","from":[1,5,9],"to":[15,6,15],"faces":{"north":{"uv":[4.375,15.375,6.125,15.5],"texture":"#particle","tintindex":0},"up":{"uv":[6.125,15.375,4.375,14.625],"texture":"#particle","tintindex":0},"down":{"uv":[4.125,14.375,2.375,13.625],"texture":"#particle","tintindex":0}}},{"name":"dyeable","from":[1,0,9],"to":[15,1,15],"faces":{"north":{"uv":[4.375,15.375,6.125,15.5],"texture":"#particle","tintindex":0},"up":{"uv":[6.125,15.375,4.375,14.625],"texture":"#particle","tintindex":0},"down":{"uv":[4.125,14.375,2.375,13.625],"texture":"#particle","tintindex":0}}},{"name":"dyeable","from":[1,0,15],"to":[15,16,16],"faces":{"north":{"uv":[2.375,7,4.125,9],"texture":"#particle","tintindex":0},"south":{"uv":[2.375,9.375,4.125,11.375],"texture":"#particle","tintindex":0},"up":{"uv":[4.125,7,2.375,6.875],"texture":"#particle","tintindex":0},"down":{"uv":[4.125,9.125,2.375,9],"texture":"#particle","tintindex":0}}},{"name":"dyeable","from":[0,14,8],"to":[16,16,9],"faces":{"north":{"uv":[4.375,11.5,6.375,11.75],"texture":"#particle","tintindex":0},"east":{"uv":[6.5,11.5,6.375,11.75],"texture":"#particle","tintindex":0},"west":{"uv":[6.375,11.5,6.5,11.75],"texture":"#particle","tintindex":0},"up":{"uv":[6.375,11.5,4.375,11.375],"texture":"#particle","tintindex":0},"down":{"uv":[6.375,11.875,4.375,11.75],"texture":"#particle","tintindex":0}}},{"name":"dyeable","from":[0,0,8],"to":[16,2,9],"faces":{"north":{"uv":[4.375,12.25,6.375,12.5],"texture":"#particle","tintindex":0},"east":{"uv":[6.5,12.25,6.375,12.5],"texture":"#particle","tintindex":0},"west":{"uv":[6.375,12.25,6.5,12.5],"texture":"#particle","tintindex":0},"up":{"uv":[6.375,12.25,4.375,12.125],"texture":"#particle","tintindex":0},"down":{"uv":[6.375,12.625,4.375,12.5],"texture":"#particle","tintindex":0}}},{"name":"dyeable","from":[15,2,8],"to":[16,14,9],"faces":{"north":{"uv":[4.5,12.875,4.625,14.375],"texture":"#particle","tintindex":0},"east":{"uv":[4.375,12.875,4.5,14.375],"texture":"#particle","tintindex":0},"west":{"uv":[4.625,12.875,4.75,14.375],"texture":"#particle","tintindex":0}}},{"name":"dyeable","from":[0,2,8],"to":[1,14,9],"faces":{"north":{"uv":[5.875,12.875,6,14.375],"texture":"#particle","tintindex":0},"east":{"uv":[5.75,12.875,5.875,14.375],"texture":"#particle","tintindex":0},"west":{"uv":[6,12.875,6.125,14.375],"texture":"#particle","tintindex":0}}},{"name":"dyeable","from":[7,2,8],"to":[9,14,9],"faces":{"north":{"uv":[5.125,12.875,5.375,14.375],"texture":"#particle","tintindex":0},"east":{"uv":[5,12.875,5.125,14.375],"texture":"#particle","tintindex":0},"west":{"uv":[5.375,12.875,5.5,14.375],"texture":"#particle","tintindex":0}}},{"from":[10,1,7],"to":[12,2,8],"faces":{"north":{"uv":[8.75,0.25,9,0.375],"texture":"#particle"},"east":{"uv":[8.625,0.25,8.75,0.375],"texture":"#particle"},"west":{"uv":[9,0.25,9.125,0.375],"texture":"#particle"},"up":{"uv":[9,0.25,8.75,0.125],"texture":"#particle"},"down":{"uv":[9,0.5,8.75,0.375],"texture":"#particle"}}},{"from":[4,1,7],"to":[6,2,8],"faces":{"north":{"uv":[8.75,0.25,9,0.375],"texture":"#particle"},"east":{"uv":[8.625,0.25,8.75,0.375],"texture":"#particle"},"west":{"uv":[9,0.25,9.125,0.375],"texture":"#particle"},"up":{"uv":[9,0.25,8.75,0.125],"texture":"#particle"},"down":{"uv":[9,0.5,8.75,0.375],"texture":"#particle"}}},{"from":[1,1,9],"to":[7,4,15],"faces":{"north":{"uv":[3.125,15.5,3.875,15.875],"texture":"#particle"},"east":{"uv":[3.125,15.5,3.875,15.875],"texture":"#particle"},"up":{"uv":[3.875,15.5,3.125,14.75],"texture":"#particle"}}},{"from":[9,1,9],"to":[15,3,15],"faces":{"north":{"uv":[2.125,15.625,2.875,15.875],"texture":"#particle"},"west":{"uv":[2.125,15.625,2.875,15.875],"texture":"#particle"},"up":{"uv":[2.875,15.625,2.125,14.875],"texture":"#particle"}}},{"from":[10,6,10],"to":[13,9,13],"rotation":{"angle":22.5,"axis":"y","origin":[11.5,7.5,11.5]},"faces":{"north":{"uv":[0.625,15.25,1,15.625],"texture":"#particle"},"east":{"uv":[0.625,15.25,1,15.625],"texture":"#particle"},"south":{"uv":[0.625,15.25,1,15.625],"texture":"#particle"},"west":{"uv":[0.625,15.25,1,15.625],"texture":"#particle"},"up":{"uv":[1,15.25,0.625,14.875],"texture":"#particle"}}},{"from":[3,6,10],"to":[6,9,13],"rotation":{"angle":-22.5,"axis":"y","origin":[4.5,7.5,11.5]},"faces":{"north":{"uv":[0.625,15.25,1,15.625],"texture":"#particle"},"east":{"uv":[0.625,15.25,1,15.625],"texture":"#particle"},"south":{"uv":[0.625,15.25,1,15.625],"texture":"#particle"},"west":{"uv":[0.625,15.25,1,15.625],"texture":"#particle"},"up":{"uv":[1,15.25,0.625,14.875],"texture":"#particle"}}},{"from":[2,6.5,11],"to":[3,8.5,11.01],"rotation":{"angle":-22.5,"axis":"y","origin":[4.5,7.5,11.5]},"faces":{"north":{"uv":[0.125,15.375,0.25,15.625],"texture":"#particle"},"south":{"uv":[0.25,15.375,0.125,15.625],"texture":"#particle"}}},{"from":[9,6.5,11],"to":[10,8.5,11.01],"rotation":{"angle":22.5,"axis":"y","origin":[11.5,7.5,11.5]},"faces":{"north":{"uv":[0.125,15.375,0.25,15.625],"texture":"#particle"},"south":{"uv":[0.25,15.375,0.125,15.625],"texture":"#particle"}}},{"from":[6,11,10],"to":[11,14,15],"rotation":{"angle":-22.5,"axis":"y","origin":[8.5,12.5,12.5]},"faces":{"north":{"uv":[1.25,15.5,1.875,15.875],"texture":"#particle"},"east":{"uv":[1.25,15.5,1.875,15.875],"texture":"#particle"},"south":{"uv":[1.25,15.5,1.875,15.875],"texture":"#particle"},"west":{"uv":[1.25,15.5,1.875,15.875],"texture":"#particle"},"up":{"uv":[1.875,15.5,1.25,14.875],"texture":"#particle"}}},{"from":[1,2,8.5],"to":[15,14,8.51],"faces":{"north":{"uv":[6.5,2.625,8.25,4.125],"texture":"#particle"}}}],"display":{"thirdperson_righthand":{"rotation":[75,45,0],"translation":[0,2.5,0],"scale":[0.375,0.375,0.375]},"firstperson_righthand":{"rotation":[0,45,0],"scale":[0.4,0.4,0.4]},"ground":{"translation":[0,1,0],"scale":[0.5,0.5,0.5]},"gui":{"rotation":[30,225,0],"translation":[2,-1,0],"scale":[0.625,0.625,0.625]},"head":{"translation":[0,-29,0],"scale":[1.6,1.6,1.6]},"fixed":{"translation":[0,0,-14.5],"scale":[2,2,2]}}}