{"textures":{"particle":"mineclub/furniture/gfx_carpet"},"elements":[{"from":[0,0,0],"to":[16,1,16],"faces":{"north":{"uv":[0.5,8.5,8.5,9],"texture":"#particle","tintindex":0},"east":{"uv":[0.5,8.5,8.5,9],"texture":"#particle","tintindex":0},"south":{"uv":[0.5,8.5,8.5,9],"texture":"#particle","tintindex":0},"west":{"uv":[0.5,8.5,8.5,9],"texture":"#particle","tintindex":0},"up":{"uv":[8.5,8.5,0.5,0.5],"texture":"#particle","tintindex":0},"down":{"uv":[8.5,8.5,0.5,0.5],"texture":"#particle","tintindex":0}}}],"display":{"thirdperson_righthand":{"rotation":[75,45,0],"translation":[0,2.5,2],"scale":[0.375,0.375,0.375]},"firstperson_righthand":{"rotation":[0,45,0],"translation":[0,4,0],"scale":[0.4,0.4,0.4]},"ground":{"translation":[0,1,0],"scale":[0.5,0.5,0.5]},"gui":{"rotation":[30,225,0],"translation":[0,4,0],"scale":[0.625,0.625,0.625]},"head":{"translation":[0,-32.4,0],"scale":[1.6,1.6,1.6]},"fixed":{"rotation":[-90,0,0],"translation":[0,0,-14.5],"scale":[2,2,2]}}}