{"textures":{"particle":"mineclub/furniture/gfx_table_set"},"elements":[{"from":[2,7,2],"to":[14,9,14],"rotation":{"angle":0,"axis":"y","origin":[9,9,9]},"faces":{"north":{"uv":[8.75,3.25,11.75,3.75],"texture":"#particle","tintindex":0},"east":{"uv":[11.75,7.75,8.75,8.25],"texture":"#particle","tintindex":0},"south":{"uv":[11.75,7.25,8.75,6.75],"texture":"#particle","tintindex":0},"west":{"uv":[8.75,7.75,11.75,8.25],"texture":"#particle","tintindex":0},"up":{"uv":[11.75,3.25,8.75,0.25],"texture":"#particle","tintindex":0},"down":{"uv":[11.75,6.75,8.75,3.75],"texture":"#particle","tintindex":0}}},{"from":[2,0,2],"to":[4,7,4],"rotation":{"angle":0,"axis":"y","origin":[10,7,10]},"faces":{"north":{"uv":[3.25,13,3.75,14.75],"texture":"#particle","tintindex":0},"east":{"uv":[2.75,13,3.25,14.75],"texture":"#particle","tintindex":0},"south":{"uv":[4.25,13,4.75,14.75],"texture":"#particle","tintindex":0},"west":{"uv":[3.75,13,4.25,14.75],"texture":"#particle","tintindex":0},"down":{"uv":[3.75,15.25,3.25,14.75],"texture":"#particle","tintindex":0}}},{"from":[12,0,2],"to":[14,7,4],"rotation":{"angle":0,"axis":"y","origin":[20,7,10]},"faces":{"north":{"uv":[3.25,13,3.75,14.75],"texture":"#particle","tintindex":0},"east":{"uv":[2.75,13,3.25,14.75],"texture":"#particle","tintindex":0},"south":{"uv":[4.25,13,4.75,14.75],"texture":"#particle","tintindex":0},"west":{"uv":[3.75,13,4.25,14.75],"texture":"#particle","tintindex":0},"down":{"uv":[3.75,15.25,3.25,14.75],"texture":"#particle","tintindex":0}}},{"from":[2,0,12],"to":[4,20,14],"rotation":{"angle":0,"axis":"y","origin":[10,7,20]},"faces":{"north":{"uv":[12.75,0.75,13.25,5.75],"texture":"#particle","tintindex":0},"east":{"uv":[12.25,0.75,12.75,5.75],"texture":"#particle","tintindex":0},"south":{"uv":[13.75,0.75,14.25,5.75],"texture":"#particle","tintindex":0},"west":{"uv":[13.25,0.75,13.75,5.75],"texture":"#particle","tintindex":0},"up":{"uv":[13.25,0.75,12.75,0.25],"texture":"#particle","tintindex":0},"down":{"uv":[13.25,6.25,12.75,5.75],"texture":"#particle","tintindex":0}}},{"from":[12,0,12],"to":[14,20,14],"rotation":{"angle":0,"axis":"y","origin":[20,7,20]},"faces":{"north":{"uv":[12.75,0.75,13.25,5.75],"texture":"#particle","tintindex":0},"east":{"uv":[12.25,0.75,12.75,5.75],"texture":"#particle","tintindex":0},"south":{"uv":[13.75,0.75,14.25,5.75],"texture":"#particle","tintindex":0},"west":{"uv":[13.25,0.75,13.75,5.75],"texture":"#particle","tintindex":0},"up":{"uv":[13.25,0.75,12.75,0.25],"texture":"#particle","tintindex":0},"down":{"uv":[13.25,6.25,12.75,5.75],"texture":"#particle","tintindex":0}}},{"from":[4,13,13],"to":[12,19,13.01],"rotation":{"angle":0,"axis":"y","origin":[8,16,13]},"faces":{"north":{"uv":[2.75,11,4.75,12.5],"texture":"#particle","tintindex":0},"south":{"uv":[2.75,11,4.75,12.5],"texture":"#particle","tintindex":0}}}],"display":{"thirdperson_righthand":{"rotation":[75,45,0],"translation":[0,2.5,0],"scale":[0.375,0.375,0.375]},"firstperson_righthand":{"rotation":[0,45,0],"scale":[0.4,0.4,0.4]},"ground":{"translation":[0,1,0],"scale":[0.5,0.5,0.5]},"gui":{"rotation":[30,225,0],"translation":[0,-1,0],"scale":[0.55,0.55,0.55]},"head":{"translation":[0,-32.4,0],"scale":[1.6,1.6,1.6]},"fixed":{"rotation":[-90,0,0],"translation":[0,0,-15],"scale":[2,2,2]}}}