{"textures":{"particle":"mineclub/furniture/gfx_keyboard_mouse"},"elements":[{"name":"dyeable","from":[5,0,3],"to":[17,1,9],"rotation":{"angle":0,"axis":"y","origin":[11,8,16]},"faces":{"up":{"uv":[13.5,13,7.5,10],"texture":"#particle","tintindex":0}}},{"name":"dyeable","from":[0,0.5,6.5],"to":[1,1.5,7.5],"rotation":{"angle":45,"axis":"x","origin":[1.5,1,7]},"faces":{"north":{"uv":[10,4,10.5,4.5],"texture":"#particle","tintindex":0},"east":{"uv":[11,4,10.5,4.5],"texture":"#particle","tintindex":0},"west":{"uv":[10.5,4,11,4.5],"texture":"#particle","tintindex":0},"up":{"uv":[10.5,4,10,3.5],"texture":"#particle","tintindex":0}}},{"name":"dyeable","from":[0,0.5,8],"to":[12,0.51,16],"rotation":{"angle":0,"axis":"y","origin":[5,8.5,22]},"faces":{"up":{"uv":[6.5,14,0.5,10],"texture":"#particle","tintindex":0},"down":{"uv":[6.5,10,0.5,14],"texture":"#particle","tintindex":0}}},{"from":[5,0,3],"to":[17,1,9],"rotation":{"angle":0,"axis":"y","origin":[11,8,16]},"faces":{"north":{"uv":[0.5,3.5,6.5,4],"texture":"#particle"},"east":{"uv":[3.5,8.5,0.5,9],"texture":"#particle"},"south":{"uv":[6.5,7.5,0.5,7],"texture":"#particle"},"west":{"uv":[0.5,8.5,3.5,9],"texture":"#particle"},"up":{"uv":[6.5,3.5,0.5,0.5],"texture":"#particle"},"down":{"uv":[6.5,7,0.5,4],"texture":"#particle"}}},{"from":[-1,0,3],"to":[2,1,8],"rotation":{"angle":0,"axis":"y","origin":[-3,8,16]},"faces":{"north":{"uv":[7.5,3,9,3.5],"texture":"#particle"},"east":{"uv":[7,8.5,4.5,9],"texture":"#particle"},"south":{"uv":[9,6.5,7.5,6],"texture":"#particle"},"west":{"uv":[4.5,8.5,7,9],"texture":"#particle"},"up":{"uv":[9,3,7.5,0.5],"texture":"#particle"},"down":{"uv":[9,6,7.5,3.5],"texture":"#particle"}}},{"from":[-0.9875,0.80343,3.0391],"to":[1.9875,1.80343,5.0391],"rotation":{"angle":-22.5,"axis":"x","origin":[1.5,1.30343,5.0391]},"faces":{"east":{"uv":[13.5,0.5,12.5,1],"texture":"#particle"},"west":{"uv":[12.5,0.5,13.5,1],"texture":"#particle"},"up":{"uv":[11.5,2.5,10,1.5],"texture":"#particle"}}},{"from":[-0.9875,0.03806,4.50418],"to":[1.9875,1.03806,6.50418],"rotation":{"angle":22.5,"axis":"x","origin":[1.5,0.53806,6.50418]},"faces":{"east":{"uv":[14.5,0.5,13.5,1],"texture":"#particle"},"west":{"uv":[13.5,0.5,14.5,1],"texture":"#particle"},"up":{"uv":[11.5,1.5,10,0.5],"texture":"#particle"}}}],"display":{"thirdperson_righthand":{"rotation":[-15.5,45,14.75],"translation":[-1,3.25,-0.25],"scale":[0.375,0.375,0.375]},"firstperson_righthand":{"rotation":[0,45,0],"scale":[0.4,0.4,0.4]},"ground":{"translation":[0,-6,1],"scale":[0.5,0.5,0.5]},"gui":{"rotation":[30,225,0],"translation":[-1,4.25,0],"scale":[0.625,0.625,0.625]},"head":{"translation":[0,-32.4,0],"scale":[1.6,1.6,1.6]},"fixed":{"rotation":[-90,0,0],"translation":[1.5,0,-15],"scale":[2,2,2]}}}