{"textures":{"particle":"mineclub/furniture/gfx_mirror"},"elements":[{"name":"dyeable","from":[2,5,7],"to":[3,31,9],"rotation":{"angle":22.5,"axis":"x","origin":[7,18,8]},"faces":{"north":{"uv":[8.75,0.25,9,6.75],"texture":"#particle","tintindex":0},"east":{"uv":[8.25,0.25,8.75,6.75],"texture":"#particle","tintindex":0},"south":{"uv":[9.5,0.25,9.75,6.75],"texture":"#particle","tintindex":0},"west":{"uv":[9,0.25,9.5,6.75],"texture":"#particle","tintindex":0}}},{"name":"dyeable","from":[3,5,8],"to":[13,31,8.01],"rotation":{"angle":22.5,"axis":"x","origin":[17,18,8]},"faces":{"south":{"uv":[3.25,0.25,5.75,6.75],"texture":"#particle","tintindex":0}}},{"name":"dyeable","from":[2,31,7],"to":[14,32,9],"rotation":{"angle":22.5,"axis":"x","origin":[8,18,8]},"faces":{"north":{"uv":[10.75,0.75,13.75,1],"texture":"#particle","tintindex":0},"east":{"uv":[10.25,0.75,10.75,1],"texture":"#particle","tintindex":0},"south":{"uv":[13.75,1.75,10.75,1.5],"texture":"#particle","tintindex":0},"west":{"uv":[13.75,0.75,14.25,1],"texture":"#particle","tintindex":0},"up":{"uv":[13.75,0.75,10.75,0.25],"texture":"#particle","tintindex":0},"down":{"uv":[13.75,1.5,10.75,1],"texture":"#particle","tintindex":0}}},{"name":"dyeable","from":[2,4,7],"to":[14,5,9],"rotation":{"angle":22.5,"axis":"x","origin":[8,18,8]},"faces":{"north":{"uv":[10.75,2.75,13.75,3],"texture":"#particle","tintindex":0},"east":{"uv":[10.25,2.75,10.75,3],"texture":"#particle","tintindex":0},"south":{"uv":[13.75,3.75,10.75,3.5],"texture":"#particle","tintindex":0},"west":{"uv":[13.75,2.75,14.25,3],"texture":"#particle","tintindex":0},"up":{"uv":[13.75,2.75,10.75,2.25],"texture":"#particle","tintindex":0},"down":{"uv":[13.75,3.5,10.75,3],"texture":"#particle","tintindex":0}}},{"name":"dyeable","from":[0,2,7],"to":[2,19,9],"rotation":{"angle":0,"axis":"y","origin":[6,24,15]},"faces":{"north":{"uv":[0.75,7.75,1.25,12],"texture":"#particle","tintindex":0},"east":{"uv":[0.25,7.75,0.75,12],"texture":"#particle","tintindex":0},"south":{"uv":[1.75,7.75,2.25,12],"texture":"#particle","tintindex":0},"west":{"uv":[1.25,7.75,1.75,12],"texture":"#particle","tintindex":0},"up":{"uv":[1.25,7.75,0.75,7.25],"texture":"#particle","tintindex":0}}},{"name":"dyeable","from":[14,2,7],"to":[16,19,9],"rotation":{"angle":0,"axis":"y","origin":[20,24,15]},"faces":{"north":{"uv":[0.75,7.75,1.25,12],"texture":"#particle","tintindex":0},"east":{"uv":[0.25,7.75,0.75,12],"texture":"#particle","tintindex":0},"south":{"uv":[1.75,7.75,2.25,12],"texture":"#particle","tintindex":0},"west":{"uv":[1.25,7.75,1.75,12],"texture":"#particle","tintindex":0},"up":{"uv":[1.25,7.75,0.75,7.25],"texture":"#particle","tintindex":0}}},{"name":"dyeable","from":[0,0,3],"to":[2,2,13],"rotation":{"angle":0,"axis":"y","origin":[6,22,15]},"faces":{"north":{"uv":[14.75,2.75,15.25,3.25],"texture":"#particle","tintindex":0},"east":{"uv":[10.75,5.25,13.25,5.75],"texture":"#particle","tintindex":0},"south":{"uv":[15.25,6.25,14.75,5.75],"texture":"#particle","tintindex":0},"west":{"uv":[10.75,6.25,13.25,6.75],"texture":"#particle","tintindex":0},"up":{"uv":[15.25,2.75,14.75,0.25],"texture":"#particle","tintindex":0},"down":{"uv":[15.25,5.75,14.75,3.25],"texture":"#particle","tintindex":0}}},{"name":"dyeable","from":[14,0,3],"to":[16,2,13],"rotation":{"angle":0,"axis":"y","origin":[20,22,15]},"faces":{"north":{"uv":[14.75,2.75,15.25,3.25],"texture":"#particle","tintindex":0},"east":{"uv":[10.75,5.25,13.25,5.75],"texture":"#particle","tintindex":0},"south":{"uv":[15.25,6.25,14.75,5.75],"texture":"#particle","tintindex":0},"west":{"uv":[10.75,6.25,13.25,6.75],"texture":"#particle","tintindex":0},"up":{"uv":[15.25,2.75,14.75,0.25],"texture":"#particle","tintindex":0},"down":{"uv":[15.25,5.75,14.75,3.25],"texture":"#particle","tintindex":0}}},{"name":"dyeable","from":[2,0,8],"to":[14,2,8.01],"rotation":{"angle":0,"axis":"y","origin":[18,22,15]},"faces":{"north":{"uv":[10.75,4.25,13.75,4.75],"texture":"#particle","tintindex":0},"south":{"uv":[10.75,4.25,13.75,4.75],"texture":"#particle","tintindex":0}}},{"name":"dyeable","from":[13,5,7],"to":[14,31,9],"rotation":{"angle":22.5,"axis":"x","origin":[18,18,8]},"faces":{"north":{"uv":[6.75,0.25,7,6.75],"texture":"#particle","tintindex":0},"east":{"uv":[6.25,0.25,6.75,6.75],"texture":"#particle","tintindex":0},"south":{"uv":[7.5,0.25,7.75,6.75],"texture":"#particle","tintindex":0},"west":{"uv":[7,0.25,7.5,6.75],"texture":"#particle","tintindex":0}}},{"from":[3,5,8],"to":[13,31,8.01],"rotation":{"angle":22.5,"axis":"x","origin":[17,18,8]},"faces":{"north":{"uv":[0.25,0.25,2.75,6.75],"texture":"#particle"}}}],"display":{"thirdperson_righthand":{"rotation":[75,45,0],"translation":[0,1.5,-3],"scale":[0.375,0.375,0.375]},"firstperson_righthand":{"rotation":[0,135,0],"scale":[0.4,0.4,0.4]},"ground":{"translation":[0,1,0],"scale":[0.5,0.5,0.5]},"gui":{"rotation":[30,225,0],"translation":[0,-2.5,0],"scale":[0.4,0.4,0.4]},"head":{"translation":[0,-32.4,0],"scale":[1.6,1.6,1.6]},"fixed":{"rotation":[-90,0,0],"translation":[0,0,-14],"scale":[2,2,2]}}}