{"textures":{"particle":"mineclub/furniture/gfx_modern_dining_chair"},"elements":[{"name":"dyeable","from":[2.0125,16.23671,13.8373],"to":[13.9875,20.23671,15.8373],"rotation":{"angle":22.5,"axis":"x","origin":[8,21.23671,14.8373]},"faces":{"north":{"uv":[0.25,0.75,3.25,1.75],"texture":"#particle","tintindex":0},"east":{"uv":[3.75,0.75,3.25,1.75],"texture":"#particle","tintindex":0},"south":{"uv":[3.75,0.75,6.75,1.75],"texture":"#particle","tintindex":0},"west":{"uv":[3.25,0.75,3.75,1.75],"texture":"#particle","tintindex":0},"up":{"uv":[3.25,0.75,0.25,0.25],"texture":"#particle","tintindex":0}}},{"name":"dyeable","from":[2,9,12],"to":[14,17,14],"rotation":{"angle":0,"axis":"y","origin":[8,10,8]},"faces":{"north":{"uv":[0.25,2.25,3.25,4.25],"texture":"#particle","tintindex":0},"east":{"uv":[3.75,2.25,3.25,4.25],"texture":"#particle","tintindex":0},"south":{"uv":[3.75,2.25,6.75,4.25],"texture":"#particle","tintindex":0},"west":{"uv":[3.25,2.25,3.75,4.25],"texture":"#particle","tintindex":0}}},{"name":"dyeable","from":[2,7,2],"to":[14,9,14],"faces":{"north":{"uv":[0.25,7.75,3.25,8.25],"texture":"#particle","tintindex":0},"east":{"uv":[3.25,12.25,0.25,12.75],"texture":"#particle","tintindex":0},"south":{"uv":[3.25,11.75,0.25,11.25],"texture":"#particle","tintindex":0},"west":{"uv":[0.25,12.25,3.25,12.75],"texture":"#particle","tintindex":0},"up":{"uv":[3.25,7.75,0.25,4.75],"texture":"#particle","tintindex":0},"down":{"uv":[3.25,11.25,0.25,8.25],"texture":"#particle","tintindex":0}}},{"from":[2,0,3],"to":[4,1,13],"rotation":{"angle":0,"axis":"y","origin":[7,1,8]},"faces":{"north":{"uv":[4.75,7.25,5.25,7.5],"texture":"#particle"},"east":{"uv":[5.75,6.25,8.25,6.5],"texture":"#particle"},"south":{"uv":[5.25,10.25,4.75,10],"texture":"#particle"},"west":{"uv":[5.75,7,8.25,7.25],"texture":"#particle"},"up":{"uv":[5.25,7.25,4.75,4.75],"texture":"#particle"},"down":{"uv":[5.25,10,4.75,7.5],"texture":"#particle"}}},{"from":[2,6,4],"to":[4,7,13],"rotation":{"angle":0,"axis":"y","origin":[7,7,9]},"faces":{"east":{"uv":[5.75,9.25,8,9.5],"texture":"#particle"},"south":{"uv":[5.25,13.25,4.75,13],"texture":"#particle"},"west":{"uv":[5.75,10,8,10.25],"texture":"#particle"},"down":{"uv":[5.25,13,4.75,10.75],"texture":"#particle"}}},{"from":[4,0,11],"to":[12,1,13],"rotation":{"angle":0,"axis":"y","origin":[10,1,7]},"faces":{"north":{"uv":[0.25,13.75,2.25,14],"texture":"#particle"},"south":{"uv":[2.25,14.75,0.25,14.5],"texture":"#particle"},"up":{"uv":[2.25,13.75,0.25,13.25],"texture":"#particle"},"down":{"uv":[2.25,14.5,0.25,14],"texture":"#particle"}}},{"from":[12,0,3],"to":[14,1,13],"rotation":{"angle":0,"axis":"y","origin":[19,1,8]},"faces":{"north":{"uv":[3.75,7.25,4.25,7.5],"texture":"#particle"},"east":{"uv":[5.75,4.75,8.25,5],"texture":"#particle"},"south":{"uv":[4.25,10.25,3.75,10],"texture":"#particle"},"west":{"uv":[5.75,5.5,8.25,5.75],"texture":"#particle"},"up":{"uv":[4.25,7.25,3.75,4.75],"texture":"#particle"},"down":{"uv":[4.25,10,3.75,7.5],"texture":"#particle"}}},{"from":[12,6,4],"to":[14,7,13],"rotation":{"angle":0,"axis":"y","origin":[19,7,9]},"faces":{"east":{"uv":[5.75,7.75,8,8],"texture":"#particle"},"south":{"uv":[4.25,13.25,3.75,13],"texture":"#particle"},"west":{"uv":[5.75,8.5,8,8.75],"texture":"#particle"},"down":{"uv":[4.25,13,3.75,10.75],"texture":"#particle"}}},{"from":[12,1,3],"to":[14,7,4],"rotation":{"angle":0,"axis":"y","origin":[19,-2,-2]},"faces":{"north":{"uv":[7.5,0.25,8,1.75],"texture":"#particle"},"east":{"uv":[7.25,0.25,7.5,1.75],"texture":"#particle"},"south":{"uv":[8.25,0.25,8.75,1.75],"texture":"#particle"},"west":{"uv":[8,0.25,8.25,1.75],"texture":"#particle"}}},{"from":[2,1,3],"to":[4,7,4],"rotation":{"angle":0,"axis":"y","origin":[9,-2,-2]},"faces":{"north":{"uv":[7.5,2.25,8,3.75],"texture":"#particle"},"east":{"uv":[7.25,2.25,7.5,3.75],"texture":"#particle"},"south":{"uv":[8.25,2.25,8.75,3.75],"texture":"#particle"},"west":{"uv":[8,2.25,8.25,3.75],"texture":"#particle"}}}],"display":{"thirdperson_righthand":{"rotation":[75,45,0],"translation":[0,2.5,0],"scale":[0.375,0.375,0.375]},"firstperson_righthand":{"rotation":[0,45,0],"scale":[0.4,0.4,0.4]},"ground":{"translation":[0,1,0],"scale":[0.5,0.5,0.5]},"gui":{"rotation":[30,225,0],"translation":[0,-1,0],"scale":[0.55,0.55,0.55]},"head":{"translation":[0,-32.4,0],"scale":[1.6,1.6,1.6]},"fixed":{"rotation":[-90,0,0],"translation":[0,0,-14.5],"scale":[2,2,2]}}}