{"textures":{"particle":"mineclub/furniture/gfx_monitor"},"elements":[{"from":[4,0,9],"to":[12,1,12],"faces":{"north":{"uv":[10,2,14,2.5],"texture":"#particle"},"east":{"uv":[15.5,2,14,2.5],"texture":"#particle"},"south":{"uv":[14,4.5,10,4],"texture":"#particle"},"west":{"uv":[14,2,15.5,2.5],"texture":"#particle"},"up":{"uv":[14,2,10,0.5],"texture":"#particle"},"down":{"uv":[14,4,10,2.5],"texture":"#particle"}}},{"from":[7,1,11],"to":[9,8,12],"faces":{"north":{"uv":[10,6,11,9.5],"texture":"#particle"},"east":{"uv":[11.5,6,11,9.5],"texture":"#particle"},"south":{"uv":[11.5,6,12.5,9.5],"texture":"#particle"},"west":{"uv":[11,6,11.5,9.5],"texture":"#particle"},"up":{"uv":[11,6,10,5.5],"texture":"#particle"}}},{"from":[0,3,10],"to":[16,13,11],"faces":{"north":{"uv":[0.5,1,8.5,6],"texture":"#particle"},"east":{"uv":[9,1,8.5,6],"texture":"#particle"},"south":{"uv":[8.5,11.5,0.5,6.5],"texture":"#particle"},"west":{"uv":[8.5,1,9,6],"texture":"#particle"},"up":{"uv":[8.5,1,0.5,0.5],"texture":"#particle"},"down":{"uv":[8.5,6.5,0.5,6],"texture":"#particle"}}}],"gui_light":"front","display":{"thirdperson_righthand":{"rotation":[75,45,0],"translation":[-1.5,1.5,-0.75],"scale":[0.375,0.375,0.375]},"firstperson_righthand":{"rotation":[0,135,0],"translation":[0,-3,1],"scale":[0.4,0.4,0.4]},"ground":{"translation":[0,-7,-2],"scale":[0.5,0.5,0.5]},"gui":{"rotation":[30,225,0],"translation":[1.25,0.25,0],"scale":[0.625,0.625,0.625]},"head":{"translation":[0,-32.4,0],"scale":[1.6,1.6,1.6]},"fixed":{"rotation":[-90,0,0],"translation":[0,-7,-14],"scale":[2,2,2]}}}