{"textures":{"particle":"mineclub/furniture/gfx_plant"},"elements":[{"name":"dyeable","from":[2,0,2],"to":[14,2,14],"rotation":{"angle":0,"axis":"y","origin":[8,6,8]},"faces":{"north":{"uv":[0.25,11,3.25,11.5],"texture":"#particle","tintindex":0},"east":{"uv":[0.25,11,3.25,11.5],"texture":"#particle","tintindex":0},"south":{"uv":[0.25,11,3.25,11.5],"texture":"#particle","tintindex":0},"west":{"uv":[0.25,11,3.25,11.5],"texture":"#particle","tintindex":0},"down":{"uv":[3.25,14.5,0.25,11.5],"texture":"#particle","tintindex":0}}},{"name":"dyeable","from":[2,10,2],"to":[13,12,3],"rotation":{"angle":0,"axis":"y","origin":[8,6,8]},"faces":{"north":{"uv":[0.25,10,3,10.5],"texture":"#particle","tintindex":0},"south":{"uv":[3.25,10,6,10.5],"texture":"#particle","tintindex":0},"west":{"uv":[3,10,3.25,10.5],"texture":"#particle","tintindex":0},"up":{"uv":[3,10,0.25,9.75],"texture":"#particle","tintindex":0}}},{"name":"dyeable","from":[13,10,2],"to":[14,12,13],"rotation":{"angle":0,"axis":"y","origin":[8,6,8]},"faces":{"north":{"uv":[3,10,3.25,10.5],"texture":"#particle","tintindex":0},"east":{"uv":[0.25,10,3,10.5],"texture":"#particle","tintindex":0},"west":{"uv":[3.25,10,6,10.5],"texture":"#particle","tintindex":0},"up":{"uv":[3,10,0.25,9.75],"rotation":90,"texture":"#particle","tintindex":0}}},{"name":"dyeable","from":[3,10,13],"to":[14,12,14],"rotation":{"angle":0,"axis":"y","origin":[8,6,8]},"faces":{"north":{"uv":[3.25,10,6,10.5],"texture":"#particle","tintindex":0},"east":{"uv":[3,10,3.25,10.5],"texture":"#particle","tintindex":0},"south":{"uv":[0.25,10,3,10.5],"texture":"#particle","tintindex":0},"up":{"uv":[3,10,0.25,9.75],"rotation":180,"texture":"#particle","tintindex":0}}},{"name":"dyeable","from":[2,10,3],"to":[3,12,14],"rotation":{"angle":0,"axis":"y","origin":[8,6,8]},"faces":{"east":{"uv":[3.25,10,6,10.5],"texture":"#particle","tintindex":0},"south":{"uv":[3,10,3.25,10.5],"texture":"#particle","tintindex":0},"west":{"uv":[0.25,10,3,10.5],"texture":"#particle","tintindex":0},"up":{"uv":[3,10,0.25,9.75],"rotation":270,"texture":"#particle","tintindex":0}}},{"name":"dyeable","from":[1,2,1],"to":[15,10,15],"rotation":{"angle":0,"axis":"y","origin":[8,6,8]},"faces":{"north":{"uv":[0.25,3.75,3.75,5.75],"texture":"#particle","tintindex":0},"east":{"uv":[0.25,3.75,3.75,5.75],"texture":"#particle","tintindex":0},"south":{"uv":[0.25,3.75,3.75,5.75],"texture":"#particle","tintindex":0},"west":{"uv":[0.25,3.75,3.75,5.75],"texture":"#particle","tintindex":0},"up":{"uv":[3.75,3.75,0.25,0.25],"texture":"#particle","tintindex":0},"down":{"uv":[3.75,9.25,0.25,5.75],"texture":"#particle","tintindex":0}}},{"from":[7,10,7],"to":[9,16,9],"rotation":{"angle":0,"axis":"y","origin":[8,14,8]},"faces":{"north":{"uv":[3.75,11,4.25,12.5],"texture":"#particle"},"east":{"uv":[4.25,11,4.75,12.5],"texture":"#particle"},"south":{"uv":[3.75,11,4.25,12.5],"texture":"#particle"},"west":{"uv":[4.25,11,4.75,12.5],"texture":"#particle"}}},{"from":[2,16,2],"to":[14,28,14],"rotation":{"angle":0,"axis":"y","origin":[8,20,8]},"faces":{"north":{"uv":[4.25,3.25,7.25,6.25],"texture":"#particle"},"east":{"uv":[7.25,3.25,10.25,6.25],"texture":"#particle"},"south":{"uv":[4.25,3.25,7.25,6.25],"texture":"#particle"},"west":{"uv":[7.25,3.25,10.25,6.25],"texture":"#particle"},"up":{"uv":[7.25,3.25,4.25,0.25],"texture":"#particle"},"down":{"uv":[7.25,9.25,4.25,6.25],"texture":"#particle"}}}],"display":{"thirdperson_righthand":{"rotation":[75,45,0],"translation":[0,2.5,0],"scale":[0.375,0.375,0.375]},"firstperson_righthand":{"rotation":[0,45,0],"scale":[0.4,0.4,0.4]},"ground":{"translation":[0,1,0],"scale":[0.5,0.5,0.5]},"gui":{"rotation":[30,225,0],"translation":[0,-2.25,0],"scale":[0.45,0.45,0.45]},"head":{"translation":[0,-32.4,0],"scale":[1.6,1.6,1.6]},"fixed":{"rotation":[-90,0,0],"translation":[0,0,-14.5],"scale":[2,2,2]}}}