{"textures":{"particle":"mineclub/furniture/gfx_shelf"},"elements":[{"from":[-16,14,3],"to":[32,16,15],"rotation":{"angle":0,"axis":"y","origin":[16,8,22]},"faces":{"north":{"uv":[0.25,3.25,12.25,3.75],"texture":"#particle"},"east":{"uv":[15.25,3.25,12.25,3.75],"texture":"#particle"},"south":{"uv":[12.25,7.25,0.25,6.75],"texture":"#particle"},"west":{"uv":[12.25,3.25,15.25,3.75],"texture":"#particle"},"up":{"uv":[12.25,3.25,0.25,0.25],"texture":"#particle"},"down":{"uv":[12.25,6.75,0.25,3.75],"texture":"#particle"}}},{"from":[-9,13,5],"to":[-7,14,15],"rotation":{"angle":0,"axis":"y","origin":[9,6,22]},"faces":{"north":{"uv":[2.75,7.75,3.25,8],"texture":"#particle"},"east":{"uv":[0.25,7.75,2.75,8],"texture":"#particle"},"south":{"uv":[5.75,7.75,6.25,8],"texture":"#particle"},"west":{"uv":[3.25,7.75,5.75,8],"texture":"#particle"},"down":{"uv":[15.25,6.75,14.75,4.25],"texture":"#particle"}}},{"from":[23,13,5],"to":[25,14,15],"rotation":{"angle":0,"axis":"y","origin":[41,6,22]},"faces":{"north":{"uv":[2.75,7.75,3.25,8],"texture":"#particle"},"east":{"uv":[0.25,7.75,2.75,8],"texture":"#particle"},"south":{"uv":[5.75,7.75,6.25,8],"texture":"#particle"},"west":{"uv":[3.25,7.75,5.75,8],"texture":"#particle"},"down":{"uv":[15.25,6.75,14.75,4.25],"texture":"#particle"}}},{"from":[7,13,5],"to":[9,14,15],"rotation":{"angle":0,"axis":"y","origin":[25,6,22]},"faces":{"north":{"uv":[2.75,7.75,3.25,8],"texture":"#particle"},"east":{"uv":[0.25,7.75,2.75,8],"texture":"#particle"},"south":{"uv":[5.75,7.75,6.25,8],"texture":"#particle"},"west":{"uv":[3.25,7.75,5.75,8],"texture":"#particle"},"down":{"uv":[15.25,6.75,14.75,4.25],"texture":"#particle"}}},{"from":[-9,4,14],"to":[-7,13,15],"rotation":{"angle":0,"axis":"y","origin":[9,5,22]},"faces":{"north":{"uv":[13,4.25,13.5,6.5],"texture":"#particle"},"east":{"uv":[12.75,4.25,13,6.5],"texture":"#particle"},"south":{"uv":[13.75,4.25,14.25,6.5],"texture":"#particle"},"west":{"uv":[13.5,4.25,13.75,6.5],"texture":"#particle"},"down":{"uv":[13.5,6.75,13,6.5],"texture":"#particle"}}},{"from":[23,4,14],"to":[25,13,15],"rotation":{"angle":0,"axis":"y","origin":[41,5,22]},"faces":{"north":{"uv":[13,4.25,13.5,6.5],"texture":"#particle"},"east":{"uv":[12.75,4.25,13,6.5],"texture":"#particle"},"south":{"uv":[13.75,4.25,14.25,6.5],"texture":"#particle"},"west":{"uv":[13.5,4.25,13.75,6.5],"texture":"#particle"},"down":{"uv":[13.5,6.75,13,6.5],"texture":"#particle"}}},{"from":[7,4,14],"to":[9,13,15],"rotation":{"angle":0,"axis":"y","origin":[25,5,22]},"faces":{"north":{"uv":[13,4.25,13.5,6.5],"texture":"#particle"},"east":{"uv":[12.75,4.25,13,6.5],"texture":"#particle"},"south":{"uv":[13.75,4.25,14.25,6.5],"texture":"#particle"},"west":{"uv":[13.5,4.25,13.75,6.5],"texture":"#particle"},"down":{"uv":[13.5,6.75,13,6.5],"texture":"#particle"}}},{"from":[-8,5,6],"to":[-7.99,13,14],"rotation":{"angle":0,"axis":"y","origin":[10,5,21]},"faces":{"east":{"uv":[14.75,0.25,12.75,2.25],"texture":"#particle"},"west":{"uv":[12.75,0.25,14.75,2.25],"texture":"#particle"}}},{"from":[24,5,6],"to":[24.01,13,14],"rotation":{"angle":0,"axis":"y","origin":[42,5,21]},"faces":{"east":{"uv":[14.75,0.25,12.75,2.25],"texture":"#particle"},"west":{"uv":[12.75,0.25,14.75,2.25],"texture":"#particle"}}},{"from":[8,5,6],"to":[8.01,13,14],"rotation":{"angle":0,"axis":"y","origin":[26,5,21]},"faces":{"east":{"uv":[14.75,0.25,12.75,2.25],"texture":"#particle"},"west":{"uv":[12.75,0.25,14.75,2.25],"texture":"#particle"}}}],"display":{"thirdperson_righthand":{"rotation":[75,31.5,0],"translation":[0,2.5,-2.25],"scale":[0.3,0.3,0.3]},"firstperson_righthand":{"rotation":[0,135,0],"translation":[-2,0,1],"scale":[0.4,0.4,0.4]},"ground":{"translation":[0,3,0],"scale":[0.5,0.5,0.5]},"gui":{"rotation":[30,225,0],"translation":[0,-2,0],"scale":[0.35,0.35,0.35]},"head":{"translation":[0,-32.4,0],"scale":[1.6,1.6,1.6]},"fixed":{"translation":[0,0,-12],"scale":[2,2,2]}}}