{"textures":{"particle":"mineclub/furniture/gfx_sofa"},"elements":[{"from":[0,1,0],"to":[16,9,16],"rotation":{"angle":0,"axis":"y","origin":[8,9,8]},"faces":{"north":{"uv":[0.25,4.25,4.25,6.25],"texture":"#particle","tintindex":0},"east":{"uv":[4.25,12.75,0.25,14.75],"texture":"#particle","tintindex":0},"south":{"uv":[4.25,12.25,0.25,10.25],"texture":"#particle","tintindex":0},"west":{"uv":[0.25,12.75,4.25,14.75],"texture":"#particle","tintindex":0},"up":{"uv":[4.25,4.25,0.25,0.25],"texture":"#particle","tintindex":0},"down":{"uv":[4.25,10.25,0.25,6.25],"texture":"#particle","tintindex":0}}},{"from":[0,9,13],"to":[16,15,16],"rotation":{"angle":0,"axis":"y","origin":[8,17,8]},"faces":{"north":{"uv":[4.75,1,8.75,2.5],"texture":"#particle","tintindex":0},"east":{"uv":[9.5,1,8.75,2.5],"texture":"#particle","tintindex":0},"south":{"uv":[9.5,1,13.5,2.5],"texture":"#particle","tintindex":0},"west":{"uv":[8.75,1,9.5,2.5],"texture":"#particle","tintindex":0},"up":{"uv":[8.75,1,4.75,0.25],"texture":"#particle","tintindex":0}}},{"from":[1,9,11],"to":[15,17,13],"rotation":{"angle":0,"axis":"y","origin":[8,17,5]},"faces":{"north":{"uv":[4.75,3.5,8.25,5.5],"texture":"#particle","tintindex":0},"east":{"uv":[8.75,3.5,8.25,5.5],"texture":"#particle","tintindex":0},"south":{"uv":[8.75,3.5,12.25,5.5],"texture":"#particle","tintindex":0},"west":{"uv":[8.25,3.5,8.75,5.5],"texture":"#particle","tintindex":0},"up":{"uv":[8.25,3.5,4.75,3],"texture":"#particle","tintindex":0}}},{"from":[1,0,1],"to":[4,1,4],"faces":{"north":{"uv":[0.25,15.25,1,15.5],"texture":"#particle"},"east":{"uv":[1.75,15.25,1,15.5],"texture":"#particle"},"south":{"uv":[1.75,15.25,2.5,15.5],"texture":"#particle"},"west":{"uv":[1,15.25,1.75,15.5],"texture":"#particle"},"down":{"uv":[5.5,15,4.75,14.25],"texture":"#particle"}}},{"from":[1,0,12],"to":[4,1,15],"rotation":{"angle":0,"axis":"y","origin":[8,8,19]},"faces":{"north":{"uv":[0.25,15.25,1,15.5],"texture":"#particle"},"east":{"uv":[1.75,15.25,1,15.5],"texture":"#particle"},"south":{"uv":[1.75,15.25,2.5,15.5],"texture":"#particle"},"west":{"uv":[1,15.25,1.75,15.5],"texture":"#particle"},"down":{"uv":[5.5,15,4.75,14.25],"texture":"#particle"}}},{"from":[12,0,1],"to":[15,1,4],"rotation":{"angle":0,"axis":"y","origin":[19,8,8]},"faces":{"north":{"uv":[0.25,15.25,1,15.5],"texture":"#particle"},"east":{"uv":[1.75,15.25,1,15.5],"texture":"#particle"},"south":{"uv":[1.75,15.25,2.5,15.5],"texture":"#particle"},"west":{"uv":[1,15.25,1.75,15.5],"texture":"#particle"},"down":{"uv":[5.5,15,4.75,14.25],"texture":"#particle"}}},{"from":[12,0,12],"to":[15,1,15],"rotation":{"angle":0,"axis":"y","origin":[19,8,19]},"faces":{"north":{"uv":[0.25,15.25,1,15.5],"texture":"#particle"},"east":{"uv":[1.75,15.25,1,15.5],"texture":"#particle"},"south":{"uv":[1.75,15.25,2.5,15.5],"texture":"#particle"},"west":{"uv":[1,15.25,1.75,15.5],"texture":"#particle"},"down":{"uv":[5.5,15,4.75,14.25],"texture":"#particle"}}}],"display":{"thirdperson_righthand":{"rotation":[75,45,0],"translation":[0,2.5,0],"scale":[0.375,0.375,0.375]},"firstperson_righthand":{"rotation":[0,45,0],"scale":[0.4,0.4,0.4]},"ground":{"translation":[0,1,0],"scale":[0.5,0.5,0.5]},"gui":{"rotation":[30,225,0],"scale":[0.625,0.625,0.625]},"head":{"translation":[0,-32.4,0],"scale":[1.6,1.6,1.6]},"fixed":{"rotation":[-90,0,0],"translation":[0,0,-15],"scale":[2,2,2]}}}