{"texture_size":[64,64],"textures":{"0":"mineclub/furniture/sphinxstatue8"},"elements":[{"name":"1","from":[2,0,2],"to":[14,2,14],"rotation":{"angle":0,"axis":"y","origin":[0,-1,0]},"faces":{"north":{"uv":[3,3,6,3.5],"texture":"#0"},"east":{"uv":[0,3,3,3.5],"texture":"#0"},"south":{"uv":[9,3,12,3.5],"texture":"#0"},"west":{"uv":[6,3,9,3.5],"texture":"#0"},"up":{"uv":[6,3,3,0],"texture":"#0"},"down":{"uv":[9,0,6,3],"texture":"#0"}}},{"name":"2","from":[1,2,1],"to":[15,4,15],"rotation":{"angle":0,"axis":"y","origin":[0,-1,0]},"faces":{"north":{"uv":[3.5,7,7,7.5],"texture":"#0"},"east":{"uv":[0,7,3.5,7.5],"texture":"#0"},"south":{"uv":[10.5,7,14,7.5],"texture":"#0"},"west":{"uv":[7,7,10.5,7.5],"texture":"#0"},"up":{"uv":[7,7,3.5,3.5],"texture":"#0"},"down":{"uv":[10.5,3.5,7,7],"texture":"#0"}}},{"name":"1","from":[4,5,9],"to":[12,17,14],"rotation":{"angle":-22.5,"axis":"x","origin":[8,4,14]},"faces":{"north":{"uv":[1.25,8.75,3.25,11.75],"texture":"#0"},"east":{"uv":[0,8.75,1.25,11.75],"texture":"#0"},"south":{"uv":[4.5,8.75,6.5,11.75],"texture":"#0"},"west":{"uv":[3.25,8.75,4.5,11.75],"texture":"#0"},"up":{"uv":[3.25,8.75,1.25,7.5],"texture":"#0"},"down":{"uv":[5.25,7.5,3.25,8.75],"texture":"#0"}}},{"name":"2","from":[3.99,11.99,2.99],"to":[12.01,19.01,9.01],"rotation":{"angle":0,"axis":"y","origin":[0,-1,0]},"faces":{"north":{"uv":[8,9,10,10.75],"texture":"#0"},"east":{"uv":[6.5,9,8,10.75],"texture":"#0"},"south":{"uv":[11.5,9,13.5,10.75],"texture":"#0"},"west":{"uv":[10,9,11.5,10.75],"texture":"#0"},"up":{"uv":[10,9,8,7.5],"texture":"#0"},"down":{"uv":[12,7.5,10,9],"texture":"#0"}}},{"name":"3","from":[5.5,15,2],"to":[10.5,20,8],"rotation":{"angle":0,"axis":"y","origin":[0,-1,0]},"faces":{"north":{"uv":[12,5.75,13.25,7],"texture":"#0"},"east":{"uv":[10.5,5.75,12,7],"texture":"#0"},"south":{"uv":[14.75,5.75,16,7],"texture":"#0"},"west":{"uv":[13.25,5.75,14.75,7],"texture":"#0"},"up":{"uv":[13.25,5.75,12,4.25],"texture":"#0"},"down":{"uv":[14.5,4.25,13.25,5.75],"texture":"#0"}}},{"name":"4","from":[7,11.5,2],"to":[9,14.5,3],"rotation":{"angle":0,"axis":"y","origin":[0,-1,0]},"faces":{"north":{"uv":[6.75,8.25,7.25,9],"texture":"#0"},"east":{"uv":[6.5,8.25,6.75,9],"texture":"#0"},"south":{"uv":[7.5,8.25,8,9],"texture":"#0"},"west":{"uv":[7.25,8.25,7.5,9],"texture":"#0"},"up":{"uv":[7.25,8.25,6.75,8],"texture":"#0"},"down":{"uv":[7.75,8,7.25,8.25],"texture":"#0"}}},{"name":"1","from":[3.99,3.99,5.99],"to":[6.01,5.01,9.01],"rotation":{"angle":0,"axis":"y","origin":[0,-1,0]},"faces":{"north":{"uv":[9.75,2.75,10.25,3],"texture":"#0"},"east":{"uv":[9,2.75,9.75,3],"texture":"#0"},"south":{"uv":[11,2.75,11.5,3],"texture":"#0"},"west":{"uv":[10.25,2.75,11,3],"texture":"#0"},"up":{"uv":[10.25,2.75,9.75,2],"texture":"#0"},"down":{"uv":[10.75,2,10.25,2.75],"texture":"#0"}}},{"name":"2","from":[9.99,3.99,5.99],"to":[12.01,5.01,9.01],"rotation":{"angle":0,"axis":"y","origin":[0,-1,0]},"faces":{"north":{"uv":[9.75,1.75,10.25,2],"texture":"#0"},"east":{"uv":[9,1.75,9.75,2],"texture":"#0"},"south":{"uv":[11,1.75,11.5,2],"texture":"#0"},"west":{"uv":[10.25,1.75,11,2],"texture":"#0"},"up":{"uv":[10.25,1.75,9.75,1],"texture":"#0"},"down":{"uv":[10.75,1,10.25,1.75],"texture":"#0"}}},{"name":"1","from":[4,4,3],"to":[6,12,5],"rotation":{"angle":0,"axis":"x","origin":[8,13,5]},"faces":{"north":{"uv":[14.5,0.5,15,2.5],"texture":"#0"},"east":{"uv":[14,0.5,14.5,2.5],"texture":"#0"},"south":{"uv":[15.5,0.5,16,2.5],"texture":"#0"},"west":{"uv":[15,0.5,15.5,2.5],"texture":"#0"},"up":{"uv":[15,0.5,14.5,0],"texture":"#0"},"down":{"uv":[15.5,0,15,0.5],"texture":"#0"}}},{"name":"2","from":[10,4,3],"to":[12,12,5],"rotation":{"angle":0,"axis":"x","origin":[8,13,5]},"faces":{"north":{"uv":[12.5,0.5,13,2.5],"texture":"#0"},"east":{"uv":[12,0.5,12.5,2.5],"texture":"#0"},"south":{"uv":[13.5,0.5,14,2.5],"texture":"#0"},"west":{"uv":[13,0.5,13.5,2.5],"texture":"#0"},"up":{"uv":[13,0.5,12.5,0],"texture":"#0"},"down":{"uv":[13.5,0,13,0.5],"texture":"#0"}}},{"name":"3","from":[4,4,2],"to":[6,5,3],"rotation":{"angle":0,"axis":"y","origin":[8,13,5]},"faces":{"north":{"uv":[14.75,2.75,15.25,3],"texture":"#0"},"east":{"uv":[14.5,2.75,14.75,3],"texture":"#0"},"south":{"uv":[15.5,2.75,16,3],"texture":"#0"},"west":{"uv":[15.25,2.75,15.5,3],"texture":"#0"},"up":{"uv":[15.25,2.75,14.75,2.5],"texture":"#0"},"down":{"uv":[15.75,2.5,15.25,2.75],"texture":"#0"}}},{"name":"4","from":[10,4,2],"to":[12,5,3],"rotation":{"angle":0,"axis":"y","origin":[8,13,5]},"faces":{"north":{"uv":[13.25,2.75,13.75,3],"texture":"#0"},"east":{"uv":[13,2.75,13.25,3],"texture":"#0"},"south":{"uv":[14,2.75,14.5,3],"texture":"#0"},"west":{"uv":[13.75,2.75,14,3],"texture":"#0"},"up":{"uv":[13.75,2.75,13.25,2.5],"texture":"#0"},"down":{"uv":[14.25,2.5,13.75,2.75],"texture":"#0"}}},{"name":"1","from":[4.5,20,2],"to":[11.5,25,9],"rotation":{"angle":0,"axis":"y","origin":[0,-1,0]},"faces":{"north":{"uv":[1.75,13.5,3.5,14.75],"texture":"#0"},"east":{"uv":[0,13.5,1.75,14.75],"texture":"#0"},"south":{"uv":[5.25,13.5,7,14.75],"texture":"#0"},"west":{"uv":[3.5,13.5,5.25,14.75],"texture":"#0"},"up":{"uv":[3.5,13.5,1.75,11.75],"texture":"#0"},"down":{"uv":[5.25,11.75,3.5,13.5],"texture":"#0"}}},{"name":"2","from":[5.49,18.99,-0.01],"to":[10.51,22.01,3.01],"rotation":{"angle":0,"axis":"y","origin":[0,-1,0]},"faces":{"north":{"uv":[6,12.5,7.25,13.25],"texture":"#0"},"east":{"uv":[5.25,12.5,6,13.25],"texture":"#0"},"south":{"uv":[8,12.5,9.25,13.25],"texture":"#0"},"west":{"uv":[7.25,12.5,8,13.25],"texture":"#0"},"up":{"uv":[7.25,12.5,6,11.75],"texture":"#0"},"down":{"uv":[8.5,11.75,7.25,12.5],"texture":"#0"}}},{"name":"1","from":[4,24,6],"to":[6,28,7],"rotation":{"angle":0,"axis":"y","origin":[0,-1,0]},"faces":{"north":{"uv":[0.25,15,0.75,16],"texture":"#0"},"east":{"uv":[0,15,0.25,16],"texture":"#0"},"south":{"uv":[1,15,1.5,16],"texture":"#0"},"west":{"uv":[0.75,15,1,16],"texture":"#0"},"up":{"uv":[0.75,15,0.25,14.75],"texture":"#0"},"down":{"uv":[1.25,14.75,0.75,15],"texture":"#0"}}},{"name":"2","from":[10,24,6],"to":[12,28,7],"rotation":{"angle":0,"axis":"y","origin":[0,-1,0]},"faces":{"north":{"uv":[1.75,15,2.25,16],"texture":"#0"},"east":{"uv":[1.5,15,1.75,16],"texture":"#0"},"south":{"uv":[2.5,15,3,16],"texture":"#0"},"west":{"uv":[2.25,15,2.5,16],"texture":"#0"},"up":{"uv":[2.25,15,1.75,14.75],"texture":"#0"},"down":{"uv":[2.75,14.75,2.25,15],"texture":"#0"}}},{"name":"3","from":[11.5,22,5.5],"to":[12.5,24,7.5],"rotation":{"angle":0,"axis":"y","origin":[0,-1,0]},"faces":{"north":{"uv":[3.5,15.5,3.75,16],"texture":"#0"},"east":{"uv":[3,15.5,3.5,16],"texture":"#0"},"south":{"uv":[4.25,15.5,4.5,16],"texture":"#0"},"west":{"uv":[3.75,15.5,4.25,16],"texture":"#0"},"up":{"uv":[3.75,15.5,3.5,15],"texture":"#0"},"down":{"uv":[4,15,3.75,15.5],"texture":"#0"}}},{"name":"4","from":[3.5,22,5.5],"to":[4.5,24,7.5],"rotation":{"angle":0,"axis":"y","origin":[0,-1,0]},"faces":{"north":{"uv":[5,15.5,5.25,16],"texture":"#0"},"east":{"uv":[4.5,15.5,5,16],"texture":"#0"},"south":{"uv":[5.75,15.5,6,16],"texture":"#0"},"west":{"uv":[5.25,15.5,5.75,16],"texture":"#0"},"up":{"uv":[5.25,15.5,5,15],"texture":"#0"},"down":{"uv":[5.5,15,5.25,15.5],"texture":"#0"}}},{"name":"1","from":[7.5,4,11],"to":[8.5,5,14],"faces":{"north":{"uv":[10.5,13.25,10.75,13.5],"texture":"#0"},"east":{"uv":[9.75,13.25,10.5,13.5],"texture":"#0"},"south":{"uv":[11.5,13.25,11.75,13.5],"texture":"#0"},"west":{"uv":[10.75,13.25,11.5,13.5],"texture":"#0"},"up":{"uv":[10.75,13.25,10.5,12.5],"texture":"#0"},"down":{"uv":[11,12.5,10.75,13.25],"texture":"#0"}}},{"name":"2","from":[8.5,4,13],"to":[14.5,5,14],"faces":{"north":{"uv":[10,13.75,11.5,14],"texture":"#0"},"east":{"uv":[9.75,13.75,10,14],"texture":"#0"},"south":{"uv":[11.75,13.75,13.25,14],"texture":"#0"},"west":{"uv":[11.5,13.75,11.75,14],"texture":"#0"},"up":{"uv":[11.5,13.75,10,13.5],"texture":"#0"},"down":{"uv":[13,13.5,11.5,13.75],"texture":"#0"}}},{"name":"3","from":[13.5,4,6],"to":[14.5,5,13],"faces":{"north":{"uv":[11.5,15.75,11.75,16],"texture":"#0"},"east":{"uv":[9.75,15.75,11.5,16],"texture":"#0"},"south":{"uv":[13.5,15.75,13.75,16],"texture":"#0"},"west":{"uv":[11.75,15.75,13.5,16],"texture":"#0"},"up":{"uv":[11.75,15.75,11.5,14],"texture":"#0"},"down":{"uv":[12,14,11.75,15.75],"texture":"#0"}}}],"display":{"thirdperson_righthand":{"rotation":[75,44.5,0],"translation":[-1,0.5,0],"scale":[0.375,0.375,0.375]},"gui":{"rotation":[35,-135,0],"translation":[0,-1.5,0],"scale":[0.5,0.5,0.5]},"fixed":{"rotation":[-90,0,0],"translation":[0,0,-14.5],"scale":[2,2,2]}},"groups":[{"name":"Sphinx Statue","origin":[8,8,8],"color":0,"children":[{"name":"Base","origin":[8,8,8],"color":0,"children":[0,1]},{"name":"Cat","origin":[8,8,8],"color":0,"children":[{"name":"Body","origin":[8,5,14],"color":0,"children":[2,3,4,5]},{"name":"Feet","origin":[0,0,0],"color":0,"children":[6,7]},{"name":"Feet2","origin":[8,8,8],"color":0,"children":[8,9,10,11]},{"name":"Head","origin":[0,0,0],"color":0,"children":[12,13,{"name":"Ears","origin":[0,0,0],"color":0,"children":[14,15,16,17]}]},{"name":"Tail","origin":[8,8,8],"color":0,"children":[18,19,20]}]}]}]}