{"textures":{"particle":"mineclub/furniture/gfx_stove"},"elements":[{"from":[3,1,3],"to":[13,5,13],"rotation":{"angle":0,"axis":"y","origin":[10,9,10]},"faces":{"north":{"uv":[0.5,5.5,5.5,7.5],"texture":"#particle"},"east":{"uv":[5.5,5.5,10.5,7.5],"texture":"#particle"},"south":{"uv":[10.5,5.5,15.5,7.5],"texture":"#particle"},"west":{"uv":[5.5,5.5,10.5,7.5],"texture":"#particle"},"up":{"uv":[5.5,5.5,0.5,0.5],"texture":"#particle"},"down":{"uv":[5.5,12.5,0.5,7.5],"texture":"#particle"}}},{"from":[7,2,2],"to":[9,4,3],"rotation":{"angle":0,"axis":"y","origin":[10,9,10]},"faces":{"north":{"uv":[7,3,8,4],"texture":"#particle"},"east":{"uv":[6.5,3,7,4],"texture":"#particle"},"west":{"uv":[8,3,8.5,4],"texture":"#particle"},"up":{"uv":[8,3,7,2.5],"texture":"#particle"},"down":{"uv":[8,4.5,7,4],"texture":"#particle"}}},{"from":[8,2.5,1.5],"to":[8.01,4.5,2.5],"rotation":{"angle":0,"axis":"y","origin":[10,9,10]},"faces":{"east":{"uv":[13.5,0.5,13,1.5],"texture":"#particle"},"west":{"uv":[13,0.5,13.5,1.5],"texture":"#particle"}}},{"from":[8,5,2.5],"to":[8.01,7,13.5],"rotation":{"angle":-45,"axis":"y","origin":[8,6,8]},"faces":{"east":{"uv":[6.5,0.5,12,1.5],"texture":"#particle"},"west":{"uv":[6.5,0.5,12,1.5],"texture":"#particle"}}},{"from":[8,5,2.5],"to":[8.01,7,13.5],"rotation":{"angle":45,"axis":"y","origin":[8,6,8]},"faces":{"east":{"uv":[6.5,0.5,12,1.5],"texture":"#particle"},"west":{"uv":[6.5,0.5,12,1.5],"texture":"#particle"}}},{"from":[4,0,4],"to":[5,1,5],"rotation":{"angle":0,"axis":"y","origin":[10,8,10]},"faces":{"north":{"uv":[9.5,2.5,10,3],"texture":"#particle"},"east":{"uv":[9.5,2.5,10,3],"texture":"#particle"},"south":{"uv":[9.5,2.5,10,3],"texture":"#particle"},"west":{"uv":[9.5,2.5,10,3],"texture":"#particle"},"down":{"uv":[10,3.5,9.5,3],"texture":"#particle"}}},{"from":[4,0,11],"to":[5,1,12],"rotation":{"angle":0,"axis":"y","origin":[10,8,10]},"faces":{"north":{"uv":[9.5,2.5,10,3],"texture":"#particle"},"east":{"uv":[9.5,2.5,10,3],"texture":"#particle"},"south":{"uv":[9.5,2.5,10,3],"texture":"#particle"},"west":{"uv":[9.5,2.5,10,3],"texture":"#particle"},"down":{"uv":[10,3.5,9.5,3],"texture":"#particle"}}},{"from":[11,0,4],"to":[12,1,5],"rotation":{"angle":0,"axis":"y","origin":[10,8,10]},"faces":{"north":{"uv":[9.5,2.5,10,3],"texture":"#particle"},"east":{"uv":[9.5,2.5,10,3],"texture":"#particle"},"south":{"uv":[9.5,2.5,10,3],"texture":"#particle"},"west":{"uv":[9.5,2.5,10,3],"texture":"#particle"},"down":{"uv":[10,3.5,9.5,3],"texture":"#particle"}}},{"from":[11,0,11],"to":[12,1,12],"rotation":{"angle":0,"axis":"y","origin":[10,8,10]},"faces":{"north":{"uv":[9.5,2.5,10,3],"texture":"#particle"},"east":{"uv":[9.5,2.5,10,3],"texture":"#particle"},"south":{"uv":[9.5,2.5,10,3],"texture":"#particle"},"west":{"uv":[9.5,2.5,10,3],"texture":"#particle"},"down":{"uv":[10,3.5,9.5,3],"texture":"#particle"}}}],"display":{"thirdperson_righthand":{"rotation":[75,45,0],"translation":[0,2.5,1],"scale":[0.375,0.375,0.375]},"firstperson_righthand":{"rotation":[0,45,0],"translation":[1,3.5,0],"scale":[0.4,0.4,0.4]},"ground":{"translation":[0,1,0],"scale":[0.5,0.5,0.5]},"gui":{"rotation":[30,225,0],"translation":[0,2.5,0],"scale":[0.625,0.625,0.625]},"head":{"translation":[0,-29,0],"scale":[1.6,1.6,1.6]},"fixed":{"rotation":[-90,0,0],"translation":[0,0,-14],"scale":[2,2,2]}}}