{"textures":{"particle":"mineclub/furniture/gfx_table_set"},"elements":[{"from":[-8,14,-8],"to":[24,16,24],"rotation":{"angle":0,"axis":"y","origin":[8,15,8]},"faces":{"north":{"uv":[0.25,8.25,8.25,8.75],"texture":"#particle","tintindex":0},"east":{"uv":[0.25,8.25,8.25,8.75],"texture":"#particle","tintindex":0},"south":{"uv":[0.25,8.25,8.25,8.75],"texture":"#particle","tintindex":0},"west":{"uv":[0.25,8.25,8.25,8.75],"texture":"#particle","tintindex":0},"up":{"uv":[8.25,8.25,0.25,0.25],"texture":"#particle","tintindex":0},"down":{"uv":[8.25,8.25,0.25,0.25],"texture":"#particle","tintindex":0}}},{"from":[-6,0,-6],"to":[-4,14,-4],"rotation":{"angle":0,"axis":"y","origin":[8,15,8]},"faces":{"north":{"uv":[0.75,11,1.25,14.5],"texture":"#particle","tintindex":0},"east":{"uv":[0.25,11,0.75,14.5],"texture":"#particle","tintindex":0},"south":{"uv":[1.75,11,2.25,14.5],"texture":"#particle","tintindex":0},"west":{"uv":[1.25,11,1.75,14.5],"texture":"#particle","tintindex":0},"down":{"uv":[1.25,15,0.75,14.5],"texture":"#particle","tintindex":0}}},{"from":[20,0,-6],"to":[22,14,-4],"rotation":{"angle":0,"axis":"y","origin":[8,15,8]},"faces":{"north":{"uv":[1.25,11,1.75,14.5],"texture":"#particle","tintindex":0},"east":{"uv":[0.75,11,1.25,14.5],"texture":"#particle","tintindex":0},"south":{"uv":[0.25,11,0.75,14.5],"texture":"#particle","tintindex":0},"west":{"uv":[1.75,11,2.25,14.5],"texture":"#particle","tintindex":0},"down":{"uv":[1.25,15,0.75,14.5],"rotation":270,"texture":"#particle","tintindex":0}}},{"from":[20,0,20],"to":[22,14,22],"rotation":{"angle":0,"axis":"y","origin":[8,15,8]},"faces":{"north":{"uv":[1.75,11,2.25,14.5],"texture":"#particle","tintindex":0},"east":{"uv":[1.25,11,1.75,14.5],"texture":"#particle","tintindex":0},"south":{"uv":[0.75,11,1.25,14.5],"texture":"#particle","tintindex":0},"west":{"uv":[0.25,11,0.75,14.5],"texture":"#particle","tintindex":0},"down":{"uv":[1.25,15,0.75,14.5],"rotation":180,"texture":"#particle","tintindex":0}}},{"from":[-6,0,20],"to":[-4,14,22],"rotation":{"angle":0,"axis":"y","origin":[8,15,8]},"faces":{"north":{"uv":[0.25,11,0.75,14.5],"texture":"#particle","tintindex":0},"east":{"uv":[1.75,11,2.25,14.5],"texture":"#particle","tintindex":0},"south":{"uv":[1.25,11,1.75,14.5],"texture":"#particle","tintindex":0},"west":{"uv":[0.75,11,1.25,14.5],"texture":"#particle","tintindex":0},"down":{"uv":[1.25,15,0.75,14.5],"rotation":90,"texture":"#particle","tintindex":0}}},{"from":[-4,9,-5],"to":[20,14,-4.99],"rotation":{"angle":0,"axis":"y","origin":[8,15,8]},"faces":{"north":{"uv":[0.25,9.25,6.25,10.5],"texture":"#particle","tintindex":0},"south":{"uv":[6.25,9.25,0.25,10.5],"texture":"#particle","tintindex":0}}},{"from":[20.99,9,-4],"to":[21,14,20],"rotation":{"angle":0,"axis":"y","origin":[8,15,8]},"faces":{"east":{"uv":[0.25,9.25,6.25,10.5],"texture":"#particle","tintindex":0},"west":{"uv":[6.25,9.25,0.25,10.5],"texture":"#particle","tintindex":0}}},{"from":[-4,9,20.99],"to":[20,14,21],"rotation":{"angle":0,"axis":"y","origin":[8,15,8]},"faces":{"north":{"uv":[6.25,9.25,0.25,10.5],"texture":"#particle","tintindex":0},"south":{"uv":[0.25,9.25,6.25,10.5],"texture":"#particle","tintindex":0}}},{"from":[-5,9,-4],"to":[-4.99,14,20],"rotation":{"angle":0,"axis":"y","origin":[8,15,8]},"faces":{"east":{"uv":[6.25,9.25,0.25,10.5],"texture":"#particle","tintindex":0},"west":{"uv":[0.25,9.25,6.25,10.5],"texture":"#particle","tintindex":0}}}],"display":{"thirdperson_righthand":{"rotation":[75,45,0],"translation":[0,4,-4],"scale":[0.375,0.375,0.375]},"firstperson_righthand":{"rotation":[0,45,0],"translation":[1,0,0],"scale":[0.4,0.4,0.4]},"ground":{"translation":[0,3,0],"scale":[0.25,0.25,0.25]},"gui":{"rotation":[30,225,0],"translation":[0,-0.5,0],"scale":[0.3,0.3,0.3]},"head":{"translation":[0,-32.4,0],"scale":[1.6,1.6,1.6]},"fixed":{"rotation":[-90.25,0,0],"translation":[16,-16,-14.75],"scale":[2,2,2]}}}