{"textures":{"particle":"mineclub/furniture/gfx_vintage_camera"},"elements":[{"from":[7.5,-2.64072,0.72418],"to":[8.5,8.35928,1.72418],"rotation":{"angle":22.5,"axis":"x","origin":[8,0.5,8]},"faces":{"north":{"uv":[0.33333,0.66667,0.66667,4.33333],"texture":"#particle"},"east":{"uv":[1,0.66667,0.66667,4.33333],"texture":"#particle"},"south":{"uv":[1,0.66667,1.33333,4.33333],"texture":"#particle"},"west":{"uv":[0.66667,0.66667,1,4.33333],"texture":"#particle"},"up":{"uv":[0.66667,0.66667,0.33333,0.33333],"texture":"#particle"},"down":{"uv":[0.66667,4.66667,0.33333,4.33333],"texture":"#particle"}}},{"from":[14.27582,-2.64072,7.5],"to":[15.27582,8.35928,8.5],"rotation":{"angle":22.5,"axis":"z","origin":[8,0.5,8]},"faces":{"north":{"uv":[0.66667,0.66667,1,4.33333],"texture":"#particle"},"east":{"uv":[0.33333,0.66667,0.66667,4.33333],"texture":"#particle"},"south":{"uv":[1,0.66667,0.66667,4.33333],"texture":"#particle"},"west":{"uv":[1,0.66667,1.33333,4.33333],"texture":"#particle"},"up":{"uv":[0.66667,0.66667,0.33333,0.33333],"rotation":90,"texture":"#particle"},"down":{"uv":[0.66667,4.66667,0.33333,4.33333],"rotation":270,"texture":"#particle"}}},{"from":[7.5,-2.64072,14.27582],"to":[8.5,8.35928,15.27582],"rotation":{"angle":-22.5,"axis":"x","origin":[8,0.5,8]},"faces":{"north":{"uv":[1,0.66667,1.33333,4.33333],"texture":"#particle"},"east":{"uv":[0.66667,0.66667,1,4.33333],"texture":"#particle"},"south":{"uv":[0.33333,0.66667,0.66667,4.33333],"texture":"#particle"},"west":{"uv":[1,0.66667,0.66667,4.33333],"texture":"#particle"},"up":{"uv":[0.66667,0.66667,0.33333,0.33333],"rotation":180,"texture":"#particle"},"down":{"uv":[0.66667,4.66667,0.33333,4.33333],"rotation":180,"texture":"#particle"}}},{"from":[0.72418,-2.64072,7.5],"to":[1.72418,8.35928,8.5],"rotation":{"angle":-22.5,"axis":"z","origin":[8,0.5,8]},"faces":{"north":{"uv":[1,0.66667,0.66667,4.33333],"texture":"#particle"},"east":{"uv":[1,0.66667,1.33333,4.33333],"texture":"#particle"},"south":{"uv":[0.66667,0.66667,1,4.33333],"texture":"#particle"},"west":{"uv":[0.33333,0.66667,0.66667,4.33333],"texture":"#particle"},"up":{"uv":[0.66667,0.66667,0.33333,0.33333],"rotation":270,"texture":"#particle"},"down":{"uv":[0.66667,4.66667,0.33333,4.33333],"rotation":90,"texture":"#particle"}}},{"from":[6.5,6.35928,-0.27582],"to":[7.5,17.35928,0.72418],"rotation":{"angle":22.5,"axis":"x","origin":[8,0.5,8]},"faces":{"north":{"uv":[0.33333,10,0.66667,13.66667],"texture":"#particle"},"east":{"uv":[1,10,0.66667,13.66667],"texture":"#particle"},"south":{"uv":[1,10,1.33333,13.66667],"texture":"#particle"},"west":{"uv":[0.66667,10,1,13.66667],"texture":"#particle"},"down":{"uv":[0.66667,14,0.33333,13.66667],"texture":"#particle"}}},{"from":[15.27582,6.35928,6.5],"to":[16.27582,17.35928,7.5],"rotation":{"angle":22.5,"axis":"z","origin":[8,0.5,8]},"faces":{"north":{"uv":[0.66667,10,1,13.66667],"texture":"#particle"},"east":{"uv":[0.33333,10,0.66667,13.66667],"texture":"#particle"},"south":{"uv":[1,10,0.66667,13.66667],"texture":"#particle"},"west":{"uv":[1,10,1.33333,13.66667],"texture":"#particle"},"down":{"uv":[0.66667,14,0.33333,13.66667],"rotation":270,"texture":"#particle"}}},{"from":[8.5,6.35928,15.27582],"to":[9.5,17.35928,16.27582],"rotation":{"angle":-22.5,"axis":"x","origin":[8,0.5,8]},"faces":{"north":{"uv":[1,10,1.33333,13.66667],"texture":"#particle"},"east":{"uv":[0.66667,10,1,13.66667],"texture":"#particle"},"south":{"uv":[0.33333,10,0.66667,13.66667],"texture":"#particle"},"west":{"uv":[1,10,0.66667,13.66667],"texture":"#particle"},"down":{"uv":[0.66667,14,0.33333,13.66667],"rotation":180,"texture":"#particle"}}},{"from":[-0.27582,6.35928,8.5],"to":[0.72418,17.35928,9.5],"rotation":{"angle":-22.5,"axis":"z","origin":[8,0.5,8]},"faces":{"north":{"uv":[1,10,0.66667,13.66667],"texture":"#particle"},"east":{"uv":[1,10,1.33333,13.66667],"texture":"#particle"},"south":{"uv":[0.66667,10,1,13.66667],"texture":"#particle"},"west":{"uv":[0.33333,10,0.66667,13.66667],"texture":"#particle"},"down":{"uv":[0.66667,14,0.33333,13.66667],"rotation":90,"texture":"#particle"}}},{"from":[8.5,6.35928,-0.27582],"to":[9.5,17.35928,0.72418],"rotation":{"angle":22.5,"axis":"x","origin":[8,0.5,8]},"faces":{"north":{"uv":[0.33333,5.33333,0.66667,9],"texture":"#particle"},"east":{"uv":[1,5.33333,0.66667,9],"texture":"#particle"},"south":{"uv":[1,5.33333,1.33333,9],"texture":"#particle"},"west":{"uv":[0.66667,5.33333,1,9],"texture":"#particle"},"down":{"uv":[0.66667,9.33333,0.33333,9],"texture":"#particle"}}},{"from":[15.27582,6.35928,8.5],"to":[16.27582,17.35928,9.5],"rotation":{"angle":22.5,"axis":"z","origin":[8,0.5,8]},"faces":{"north":{"uv":[0.66667,5.33333,1,9],"texture":"#particle"},"east":{"uv":[0.33333,5.33333,0.66667,9],"texture":"#particle"},"south":{"uv":[1,5.33333,0.66667,9],"texture":"#particle"},"west":{"uv":[1,5.33333,1.33333,9],"texture":"#particle"},"down":{"uv":[0.66667,9.33333,0.33333,9],"rotation":270,"texture":"#particle"}}},{"from":[6.5,6.35928,15.27582],"to":[7.5,17.35928,16.27582],"rotation":{"angle":-22.5,"axis":"x","origin":[8,0.5,8]},"faces":{"north":{"uv":[1,5.33333,1.33333,9],"texture":"#particle"},"east":{"uv":[0.66667,5.33333,1,9],"texture":"#particle"},"south":{"uv":[0.33333,5.33333,0.66667,9],"texture":"#particle"},"west":{"uv":[1,5.33333,0.66667,9],"texture":"#particle"},"down":{"uv":[0.66667,9.33333,0.33333,9],"rotation":180,"texture":"#particle"}}},{"from":[-0.27582,6.35928,6.5],"to":[0.72418,17.35928,7.5],"rotation":{"angle":-22.5,"axis":"z","origin":[8,0.5,8]},"faces":{"north":{"uv":[1,5.33333,0.66667,9],"texture":"#particle"},"east":{"uv":[1,5.33333,1.33333,9],"texture":"#particle"},"south":{"uv":[0.66667,5.33333,1,9],"texture":"#particle"},"west":{"uv":[0.33333,5.33333,0.66667,9],"texture":"#particle"},"down":{"uv":[0.66667,9.33333,0.33333,9],"rotation":90,"texture":"#particle"}}},{"from":[4,21,3],"to":[12,23,12],"rotation":{"angle":0,"axis":"y","origin":[8,30,8]},"faces":{"north":{"uv":[2,3.33333,4.66667,4],"texture":"#particle"},"east":{"uv":[5,8.33333,2,9],"texture":"#particle"},"south":{"uv":[4.66667,7.66667,2,7],"texture":"#particle"},"west":{"uv":[2,8.33333,5,9],"texture":"#particle"},"up":{"uv":[4.66667,3.33333,2,0.33333],"texture":"#particle"},"down":{"uv":[4.66667,7,2,4],"texture":"#particle"}}},{"from":[6,18,6],"to":[10,20,10],"rotation":{"angle":0,"axis":"y","origin":[8,27,8]},"faces":{"north":{"uv":[2,11,3.33333,11.66667],"texture":"#particle"},"east":{"uv":[2,11,3.33333,11.66667],"texture":"#particle"},"south":{"uv":[2,11,3.33333,11.66667],"texture":"#particle"},"west":{"uv":[2,11,3.33333,11.66667],"texture":"#particle"},"up":{"uv":[3.33333,11,2,9.66667],"texture":"#particle"},"down":{"uv":[3.33333,13,2,11.66667],"texture":"#particle"}}},{"from":[7,20,7],"to":[9,21,9],"rotation":{"angle":0,"axis":"y","origin":[8,28,8]},"faces":{"north":{"uv":[6.33333,12,7,12.33333],"texture":"#particle"},"east":{"uv":[6.33333,12,7,12.33333],"texture":"#particle"},"south":{"uv":[6.33333,12,7,12.33333],"texture":"#particle"},"west":{"uv":[6.33333,12,7,12.33333],"texture":"#particle"}}},{"from":[4.5,22.5,3.5],"to":[5.5,25.5,4.5],"rotation":{"angle":-22.5,"axis":"x","origin":[5,25,4]},"faces":{"north":{"uv":[8.33333,9.66667,8.66667,10.66667],"texture":"#particle"},"east":{"uv":[8,9.66667,8.33333,10.66667],"texture":"#particle"},"south":{"uv":[9,9.66667,9.33333,10.66667],"texture":"#particle"},"west":{"uv":[8.66667,9.66667,9,10.66667],"texture":"#particle"},"up":{"uv":[8.66667,9.66667,8.33333,9.33333],"texture":"#particle"}}},{"from":[10.5,22.5,3.5],"to":[11.5,25.5,4.5],"rotation":{"angle":-22.5,"axis":"x","origin":[11,25,4]},"faces":{"north":{"uv":[8.66667,9.66667,8.33333,10.66667],"texture":"#particle"},"east":{"uv":[8.33333,9.66667,8,10.66667],"texture":"#particle"},"south":{"uv":[9.33333,9.66667,9,10.66667],"texture":"#particle"},"west":{"uv":[9,9.66667,8.66667,10.66667],"texture":"#particle"},"up":{"uv":[8.33333,9.66667,8.66667,9.33333],"texture":"#particle"}}},{"from":[5,24,3],"to":[11,30,5],"rotation":{"angle":0,"axis":"y","origin":[8,33,8]},"faces":{"north":{"uv":[9,1,11,3],"texture":"#particle"},"east":{"uv":[11.66667,1,11,3],"texture":"#particle"},"south":{"uv":[11,5.66667,9,3.66667],"texture":"#particle"},"west":{"uv":[11,1,11.66667,3],"texture":"#particle"},"up":{"uv":[11,1,9,0.33333],"texture":"#particle"},"down":{"uv":[11,3.66667,9,3],"texture":"#particle"}}},{"from":[5,24,8],"to":[11,30,12],"rotation":{"angle":0,"axis":"y","origin":[8,33,15]},"faces":{"north":{"uv":[12.33333,1.66667,14.33333,3.66667],"texture":"#particle"},"east":{"uv":[15.66667,1.66667,14.33333,3.66667],"texture":"#particle"},"west":{"uv":[14.33333,1.66667,15.66667,3.66667],"texture":"#particle"},"up":{"uv":[14.33333,1.66667,12.33333,0.33333],"texture":"#particle"},"down":{"uv":[14.33333,5,12.33333,3.66667],"texture":"#particle"}}},{"from":[5.5,24.5,5],"to":[10.5,29.5,8],"rotation":{"angle":0,"axis":"y","origin":[7.5,32.5,13]},"faces":{"east":{"uv":[7.33333,9.66667,6.33333,11.33333],"texture":"#particle"},"west":{"uv":[6.33333,9.66667,7.33333,11.33333],"texture":"#particle"},"up":{"uv":[5.66667,10.66667,4,9.66667],"texture":"#particle"},"down":{"uv":[5.66667,12.33333,4,11.33333],"texture":"#particle"}}},{"from":[4,23,12],"to":[12,32,14],"rotation":{"angle":0,"axis":"y","origin":[8,33,15]},"faces":{"north":{"uv":[5.33333,1,8,4],"texture":"#particle"},"east":{"uv":[10.66667,7.66667,10,10.66667],"texture":"#particle"},"south":{"uv":[8,7.66667,5.33333,4.66667],"texture":"#particle"},"west":{"uv":[10,7.66667,10.66667,10.66667],"texture":"#particle"},"up":{"uv":[8,1,5.33333,0.33333],"texture":"#particle"},"down":{"uv":[8,4.66667,5.33333,4],"texture":"#particle"}}}],"display":{"thirdperson_righthand":{"rotation":[75,45,0],"translation":[0,0.5,-2],"scale":[0.375,0.375,0.375]},"firstperson_righthand":{"rotation":[0,45,0],"translation":[0,-1,0],"scale":[0.4,0.4,0.4]},"ground":{"translation":[0,3,0],"scale":[0.5,0.5,0.5]},"gui":{"rotation":[30,225,0],"translation":[0,-3,0],"scale":[0.425,0.425,0.425]},"head":{"translation":[0,-32.4,0],"scale":[1.6,1.6,1.6]},"fixed":{"rotation":[-90,0,0],"translation":[0,0,-15],"scale":[2,2,2]}}}