{"textures":{"particle":"mineclub/furniture/gfx_wardrobe"},"elements":[{"from":[-7,-5,1],"to":[23,24,15],"rotation":{"angle":0,"axis":"y","origin":[16,-6,8]},"faces":{"north":{"uv":[0.125,0.125,3.875,3.75],"texture":"#particle","tintindex":0},"east":{"uv":[3.875,0.125,5.625,3.75],"texture":"#particle","tintindex":0},"south":{"uv":[5.625,0.125,9.375,3.75],"texture":"#particle","tintindex":0},"west":{"uv":[3.875,0.125,5.625,3.75],"texture":"#particle","tintindex":0}}},{"from":[-8,23,0],"to":[24,32,16],"rotation":{"angle":0,"axis":"y","origin":[16,-5,8]},"faces":{"north":{"uv":[9.625,2.125,13.625,3.25],"texture":"#particle","tintindex":0},"east":{"uv":[13.625,2.125,15.625,3.25],"texture":"#particle","tintindex":0},"south":{"uv":[9.625,2.125,13.625,3.25],"texture":"#particle","tintindex":0},"west":{"uv":[13.625,2.125,15.625,3.25],"texture":"#particle","tintindex":0},"up":{"uv":[13.625,2.125,9.625,0.125],"texture":"#particle","tintindex":0},"down":{"uv":[13.625,5.125,9.625,3.125],"texture":"#particle","tintindex":0}}},{"from":[-8,-14,0],"to":[24,-5,16],"rotation":{"angle":0,"axis":"y","origin":[16,-15,8]},"faces":{"north":{"uv":[0.125,6,4.125,7.125],"texture":"#particle","tintindex":0},"east":{"uv":[0.125,11,2.125,12.125],"texture":"#particle","tintindex":0},"south":{"uv":[4.125,10.25,0.125,9.125],"texture":"#particle","tintindex":0},"west":{"uv":[0.125,11,2.125,12.125],"texture":"#particle","tintindex":0},"up":{"uv":[4.125,6,0.125,4],"texture":"#particle","tintindex":0},"down":{"uv":[4.125,9.125,0.125,7.125],"texture":"#particle","tintindex":0}}},{"from":[-7,-16,1],"to":[-5,-14,3],"rotation":{"angle":0,"axis":"y","origin":[17,-8,9]},"faces":{"north":{"uv":[2.625,10.5,2.875,10.75],"texture":"#particle","tintindex":0},"east":{"uv":[2.375,10.5,2.625,10.75],"texture":"#particle","tintindex":0},"south":{"uv":[3.125,10.5,3.375,10.75],"texture":"#particle","tintindex":0},"west":{"uv":[2.875,10.5,3.125,10.75],"texture":"#particle","tintindex":0},"down":{"uv":[2.875,11,2.625,10.75],"texture":"#particle","tintindex":0}}},{"from":[21,-16,1],"to":[23,-14,3],"rotation":{"angle":0,"axis":"y","origin":[45,-8,9]},"faces":{"north":{"uv":[2.625,10.5,2.875,10.75],"texture":"#particle","tintindex":0},"east":{"uv":[2.375,10.5,2.625,10.75],"texture":"#particle","tintindex":0},"south":{"uv":[3.125,10.5,3.375,10.75],"texture":"#particle","tintindex":0},"west":{"uv":[2.875,10.5,3.125,10.75],"texture":"#particle","tintindex":0},"down":{"uv":[2.875,11,2.625,10.75],"texture":"#particle","tintindex":0}}},{"from":[-7,-16,13],"to":[-5,-14,15],"rotation":{"angle":0,"axis":"y","origin":[17,-8,21]},"faces":{"north":{"uv":[2.625,10.5,2.875,10.75],"texture":"#particle","tintindex":0},"east":{"uv":[2.375,10.5,2.625,10.75],"texture":"#particle","tintindex":0},"south":{"uv":[3.125,10.5,3.375,10.75],"texture":"#particle","tintindex":0},"west":{"uv":[2.875,10.5,3.125,10.75],"texture":"#particle","tintindex":0},"down":{"uv":[2.875,11,2.625,10.75],"texture":"#particle","tintindex":0}}},{"from":[21,-16,13],"to":[23,-14,15],"rotation":{"angle":0,"axis":"y","origin":[45,-8,21]},"faces":{"north":{"uv":[2.625,10.5,2.875,10.75],"texture":"#particle","tintindex":0},"east":{"uv":[2.375,10.5,2.625,10.75],"texture":"#particle","tintindex":0},"south":{"uv":[3.125,10.5,3.375,10.75],"texture":"#particle","tintindex":0},"west":{"uv":[2.875,10.5,3.125,10.75],"texture":"#particle","tintindex":0},"down":{"uv":[2.875,11,2.625,10.75],"texture":"#particle","tintindex":0}}}],"display":{"thirdperson_righthand":{"rotation":[75,45,0],"translation":[0,2.5,0],"scale":[0.375,0.375,0.375]},"firstperson_righthand":{"rotation":[0,45,0],"scale":[0.4,0.4,0.4]},"ground":{"translation":[0,9,0],"scale":[0.5,0.5,0.5]},"gui":{"rotation":[30,225,0],"scale":[0.25,0.25,0.25]},"head":{"translation":[0,-32.4,0],"scale":[1.6,1.6,1.6]},"fixed":{"rotation":[-90,0,0],"translation":[-16,0,-46],"scale":[2,2,2]}}}