{"textures":{"0":"block/white_wool","particle":"block/white_wool"},"elements":[{"from":[5,0,5],"to":[11,2,11],"rotation":{"angle":0,"axis":"y","origin":[0,0,0]},"faces":{"north":{"uv":[0,0,6,2],"texture":"#0","tintindex":0},"east":{"uv":[0,0,6,2],"texture":"#0","tintindex":0},"south":{"uv":[0,0,6,2],"texture":"#0","tintindex":0},"west":{"uv":[0,0,6,2],"texture":"#0","tintindex":0},"up":{"uv":[0,0,6,6],"texture":"#0","tintindex":0},"down":{"uv":[0,0,6,6],"texture":"#0","tintindex":0}}}],"display":{"fixed":{"translation":[0,32.25,18],"scale":[2,2,2]}}}