{"textures":{"particle":"mineclub/games/battlebox/gfx_flag"},"elements":[{"from":[7.5,0.5,7.5],"to":[8.5,16,8.5],"rotation":{"angle":0,"axis":"y","origin":[15.5,8,15.5]},"faces":{"north":{"uv":[1.33333,0.66667,2,11],"texture":"#particle"},"east":{"uv":[0.66667,0.66667,1.33333,11],"texture":"#particle"},"south":{"uv":[2.66667,0.66667,3.33333,11],"texture":"#particle"},"west":{"uv":[2,0.66667,2.66667,11],"texture":"#particle"}}},{"from":[7,0,7],"to":[9,0.5,9],"rotation":{"angle":0,"axis":"y","origin":[15.5,7.5,15.5]},"faces":{"north":{"uv":[0.66667,13.33333,2,13.66667],"texture":"#particle"},"east":{"uv":[0.66667,13.33333,2,13.66667],"texture":"#particle"},"south":{"uv":[0.66667,13.33333,2,13.66667],"texture":"#particle"},"west":{"uv":[0.66667,13.33333,2,13.66667],"texture":"#particle"},"up":{"uv":[2,13.33333,0.66667,12],"texture":"#particle"},"down":{"uv":[2,15,0.66667,13.66667],"texture":"#particle"}}},{"from":[7.5,16,7.5],"to":[8.5,32,8.5],"rotation":{"angle":0,"axis":"y","origin":[15.5,24,15.5]},"faces":{"north":{"uv":[5,0.66667,5.66667,11.33333],"texture":"#particle"},"east":{"uv":[4.33333,0.66667,5,11.33333],"texture":"#particle"},"south":{"uv":[6.33333,0.66667,7,11.33333],"texture":"#particle"},"west":{"uv":[5.66667,0.66667,6.33333,11.33333],"texture":"#particle"},"up":{"uv":[3.66667,12.66667,3,12],"texture":"#particle"}}}],"display":{"head":{"translation":[0,-55.5,0],"scale":[3.3,3.3,3.3]},"fixed":{"rotation":[-90,0,0],"translation":[0,0,-14],"scale":[4,4,4]}}}